name	offset	segment
API_timer	0x0000fe65	1
AddToEmptySlot_	0x0003cb00	1
AddToInventory_	0x0003aea8	1
AddToOccupiedSlot_	0x0003cc9c	1
AddTogether_	0x0003cb40	1
Anim_Load_	0x0003ead0	1
Anim_Save_	0x0003eb4c	1
AskHowMany_	0x0003c3e0	1
AskInventory_	0x0003ae98	1
AutoMap_	0x00024794	1
BagWeight_	0x0003a148	1
BeginInventory_	0x0003ba64	1
BlastFunction_	0x0002207c	1
BlockingTerrain_	0x00012f00	1
BonesLook_	0x0003db60	1
BookLook_	0x0003d7bc	1
BridgeHeight_	0x00012ebc	1
ChangeAutoMapLevel_	0x00025d5c	1
ChangeLevel_	0x00045c7c	1
Change_AnimPtr_	0x00023080	1
ClearAutoMap_	0x00024af4	1
ClearInventory_	0x0003bbf0	1
Clipped_through_eye_flag	0x0007649d	1
Clk_	0x000535b4	1
CloseAllBags_	0x00039630	1
CloseDoor_	0x00041790	1
CloseTheBag_	0x0003975c	1
CollObject_	0x0001a0bc	1
CombineObjs_	0x0002c814	1
CompressLZW_disk_	0x0003e568	1
ComputeHeading_	0x00015634	1
Converse_	0x0002cd58	1
CreateObj_	0x0001f5b0	1
CritterLook_	0x0003dc34	1
DLL_load_	0x0004f8f8	1
DLL_read_	0x0004f7c8	1
DLL_size_	0x0004f80c	1
DamageInventory_	0x0003b7e4	1
DecompressLZW_disk_	0x0003e2b4	1
DegradeLights_	0x0003f318	1
DeleteNode_	0x0003e0d8	1
DetectedTrap_	0x000481e0	1
DetermineBetterHit_	0x00025170	1
DisplayInvObject_	0x0003c284	1
DisplayInvSpecial_	0x0003c054	1
DisplayInventory_	0x0003cf2c	1
DisplayOpenBag_	0x000397e4	1
DoClosingDoors_	0x0004e8cc	1
DoDoorTile_	0x0002505c	1
DoInventoryDrag_	0x0003bf60	1
DoInventoryMouse_	0x0003bc3c	1
DoPlayerWeapon_	0x00011a54	1
DoSaveRest_	0x000457b0	1
DoSpecialActions_	0x0003945c	1
DoTile_	0x00024da0	1
DoWanderingMonsters_	0x0004e830	1
DumpTheBag_	0x00041898	1
EncumCheck_	0x0003b9f4	1
EndInventory_	0x0003bbec	1
ExitAutoMap_	0x00024a78	1
FindInventoryHit_	0x0003d1b8	1
FindObj_	0x0003b00c	1
FindSlot_	0x0003af4c	1
FixBagArea_	0x0003969c	1
FixOpenBag_	0x00039870	1
FixPlayerEquips_	0x00043684	1
FreePlayerInv_	0x0003a5cc	1
GetAutoMapLevel_	0x00024a04	1
GetHgt_	0x00014e78	1
GetLevel_	0x000454fc	1
GetObjDesc_	0x0003ddd0	1
GetPlayerWeapon_	0x0001193c	1
GetSlopeHgt_	0x00014f78	1
GetTheWords_	0x00025a80	1
HasOrIsObj_	0x00016c34	1
INT24	0x0005184f	1
InPickRange_	0x00012d60	1
InitPlayerRec_	0x00043acc	1
InsertNode_	0x0003dedc	1
InvRemoveObject_	0x0003b2d8	1
InvRemoveOneObject_	0x0003b2e8	1
InvRestoreNexts_	0x0003a528	1
InvSaveNexts_	0x0003a3c8	1
IsMobElem_	0x00016b14	1
IsaDoor_	0x00019fe4	1
ItemFitsSlot_	0x0003c524	1
ItemWeight_	0x0003b960	1
KeyLook_	0x0003dc10	1
Killorn_just_crashed_	0x00036cec	1
LOTUS40	0x0006c182	1
Load_Terrains_	0x00042df8	1
LookAt_	0x0003d26c	1
MakeBagClose_	0x000395f0	1
ManageDungeonMap_	0x00025320	1
Map_GetAddr_	0x0001f584	1
Map_Init_	0x0003e8ec	1
Map_Load_	0x0003e91c	1
Map_ObjFix_	0x0001631c	1
Map_Save_	0x0003e9f0	1
MousQUp_	0x0000c5cc	1
MousReSave3d_	0x0000c678	1
MousReSave_	0x0000c620	1
NightCleanCritPages_	0x0003831c	1
ObjCrunch_	0x00017138	1
ObjWorn_	0x0003b784	1
Obj_AddEnd_	0x000167f8	1
Obj_Add_	0x000167a8	1
Obj_Alloc_	0x00016688	1
Obj_Check_	0x000163dc	1
Obj_Elem_Fate_	0x000164c4	1
Obj_Fate_	0x00016544	1
Obj_FindInMapSquare_	0x00016d2c	1
Obj_FindInMap_	0x00016c94	1
Obj_Find_	0x00016a8c	1
Obj_FreeChain_	0x0001690c	1
Obj_FreeLinkChain_	0x00016990	1
Obj_Free_	0x00016738	1
Obj_GarbageCollect_	0x00016564	1
Obj_InList_	0x00016b6c	1
Obj_IntTMem_	0x00016a5c	1
Obj_ListOkay_	0x00016f98	1
Obj_MemTPtr_	0x00016a2c	1
Obj_PtrTMem_	0x000169d8	1
Obj_Punt_	0x00016894	1
Obj_Rem_	0x0001684c	1
ObjectCheck_	0x00015a10	1
ObjsBeCombinable_	0x0002c72c	1
OpenDoor_	0x00041668	1
OpenTheBag_	0x00039a00	1
PixelDarken_	0x00024d48	1
Ply_Weight_	0x0004e9b4	1
PreLoadCritPages_	0x00038350	1
Punt_player_inv_	0x0003a1d8	1
PutObjectInBag_	0x00039dbc	1
RearrangeInventory_	0x0003cac0	1
RectLook_	0x0003d918	1
RedispInv_	0x00012d38	1
RedispRune_	0x0003a87c	1
RedispStat_	0x0004bb74	1
RedisplayBarterSlots_	0x000298f4	1
RedisplayInvSlot_	0x0003ae88	1
RedisplayStrings_	0x0002591c	1
Ref_	0x000535d8	1
RemoveAfterCombine_	0x0002c82c	1
RemoveAllFromSlot_	0x0003b460	1
RemoveOneFromSlot_	0x0003b4cc	1
RemoveTrap_	0x00048274	1
RestoreGame_	0x00045888	1
RestorePlayerInv_	0x0003a6a8	1
ReturnObject_	0x000143f0	1
SaveAutoMapLevel_	0x000249b0	1
SaveGame_	0x00045954	1
SaveLevel_	0x000455a4	1
SavePlayerInv_	0x0003a2f8	1
SaveTheWords_	0x000259b4	1
Sched_Delete_	0x00046630	1
Sched_DoEvent_	0x00037fe8	1
Sched_GetClock_	0x000466f4	1
Sched_GetTime_	0x00046330	1
Sched_IncrTime_	0x000464d0	1
Sched_InsertLong_	0x000464fc	1
Sched_Insert_	0x000466d8	1
Sched_Load_	0x00046224	1
Sched_Migrate_	0x0004669c	1
Sched_Save_	0x00046314	1
Sched_SetAllClocks_	0x00046430	1
Sched_SetBuf_	0x00046218	1
Sched_SetTime_	0x00046350	1
Sched_Should_Save_	0x00046284	1
Sched_WrapTime_	0x000463b4	1
ScrollItemsDown_	0x00039d24	1
ScrollItemsUp_	0x00039cf8	1
SetCursorObj_	0x0003c330	1
SetOffTrap_	0x0004c614	1
SetPnt_	0x0000f884	1
ShadeSide_	0x00024c6c	1
ShowAutoMapLevel_	0x00025b98	1
ShowDungeonMap_	0x00024b0c	1
ShowRune_	0x0003a82c	1
ShowSaveRest_	0x00045724	1
SolveCenter_	0x00015094	1
SolvePnt_	0x00014fe4	1
SpecialLook_	0x0003dd28	1
SwapItemsInBag_	0x0003a030	1
TalkTo_	0x0002c864	1
TerrainCheck_	0x00015154	1
ToggleDoor_	0x00041878	1
Txm_Load_	0x00042c74	1
Txm_Save_	0x00042d2c	1
UseAnvilOn_	0x000406f4	1
UseBonesOn_	0x00040404	1
UseBook_	0x00040f70	1
UseCont_	0x000412b8	1
UseCrystal_	0x000404e0	1
UseFood_	0x00040740	1
UseKeyGem_	0x00040550	1
UseKeyOn_	0x00041274	1
UseKey_	0x00021a54	1
UseLight_	0x00041324	1
UseLockpickOn_	0x000411b4	1
UseMagic_	0x00041c58	1
UseObj_	0x0002164c	1
UseOilOn_	0x00040d34	1
UsePoleOn_	0x000406ac	1
UseReag_	0x00021bf4	1
UseRect_	0x00041a54	1
UseRockHammerOn_	0x00041dc4	1
UseRune_	0x00041924	1
UseThing_	0x00021a80	1
UseTrap_	0x0004c948	1
UseTrigger_	0x0004c424	1
UseUnique_	0x00041498	1
UseUtil_	0x00041f88	1
UseWand_	0x00021b1c	1
UseWatch_	0x00040460	1
WhatsInSlot_	0x0003ae98	1
_AIL_VOC_playback_status	0x0001051b	1
_AIL_beat_count	0x0001060e	1
_AIL_branch_index	0x00010620	1
_AIL_cancel_callback	0x00010668	1
_AIL_channel_notes	0x0001063b	1
_AIL_controller_value	0x00010629	1
_AIL_default_timbre_cache_size	0x00010587	1
_AIL_define_timbre_cache	0x00010590	1
_AIL_describe_driver	0x000103da	1
_AIL_detect_device	0x000103f3	1
_AIL_digital_playback_panpot	0x00010563	1
_AIL_digital_playback_volume	0x00010551	1
_AIL_format_VOC_file	0x00010512	1
_AIL_format_sound_buffer	0x000104f7	1
_AIL_index_VOC_block	0x000104e5	1
_AIL_init_driver	0x000103fc	1
_AIL_install_callback	0x0001065f	1
_AIL_install_timbre	0x000105a2	1
_AIL_interrupt_divisor	0x00010336	1
_AIL_lock_channel	0x00010671	1
_AIL_map_sequence_channel	0x0001067a	1
_AIL_measure_count	0x00010617	1
_AIL_pause_digital_playback	0x00010536	1
_AIL_play_VOC_file	0x00010509	1
_AIL_protect_timbre	0x000105ab	1
_AIL_register_driver	0x00010343	1
_AIL_register_fx	0x00010695	1
_AIL_register_sequence	0x00010575	1
_AIL_register_sound_buffer	0x000104ee	1
_AIL_register_timer	0x000100ca	1
_AIL_relative_tempo	0x000105f3	1
_AIL_relative_volume	0x000105ea	1
_AIL_release_all_timers	0x000101b8	1
_AIL_release_channel	0x00010683	1
_AIL_release_driver_handle	0x000103bd	1
_AIL_release_sequence_handle	0x0001057e	1
_AIL_release_timer_handle	0x00010177	1
_AIL_request_fx	0x0001069e	1
_AIL_resume_digital_playback	0x0001053f	1
_AIL_resume_sequence	0x000105d8	1
_AIL_send_channel_voice_message	0x00010644	1
_AIL_send_sysex_message	0x0001064d	1
_AIL_sequence_status	0x000105e1	1
_AIL_set_controller_value	0x00010632	1
_AIL_set_digital_playback_panpot	0x0001055a	1
_AIL_set_digital_playback_volume	0x00010548	1
_AIL_set_relative_tempo	0x00010605	1
_AIL_set_relative_volume	0x000105fc	1
_AIL_set_timer_divisor	0x000102fc	1
_AIL_set_timer_frequency	0x000102dc	1
_AIL_set_timer_period	0x00010294	1
_AIL_shutdown	0x0001007b	1
_AIL_shutdown_driver	0x000104ac	1
_AIL_sound_buffer_status	0x00010500	1
_AIL_start_all_timers	0x0001020e	1
_AIL_start_digital_playback	0x00010524	1
_AIL_start_sequence	0x000105c6	1
_AIL_start_timer	0x000101d7	1
_AIL_startup	0x00010036	1
_AIL_state_table_size	0x0001056c	1
_AIL_stop_all_timers	0x00010262	1
_AIL_stop_digital_playback	0x0001052d	1
_AIL_stop_sequence	0x000105cf	1
_AIL_stop_timer	0x0001022d	1
_AIL_timbre_request	0x00010599	1
_AIL_timbre_status	0x000105bd	1
_AIL_true_sequence_channel	0x0001068c	1
_AIL_unprotect_timbre	0x000105b4	1
_AIL_write_display	0x00010656	1
_ATM_Strings	0x00086d62	1
_ActDoors	0x000798b8	1
_ActiveMob	0x0007cdf8	1
_ActiveObj	0x0007cd8c	1
_Alt	0x000026b7	1
_Alt1	0x000026ba	1
_AnimObjInPipe	0x00081e51	1
_Armor	0x0007f818	1
_Asc	0x000687a4	1
_Back_FPS	0x00063452	1
_Background_color	0x00077d35	1
_BagSaveHandles	0x0007cb68	1
_Blessed	0x000795f5	1
_Bmapseg0	0x0006c098	1
_CN1	0x000796d0	1
_CN2	0x000796a8	1
_CN3	0x00079680	1
_CN4	0x00079658	1
_CP	0x00079654	1
_CT1	0x00079750	1
_CT2	0x00079744	1
_CT3	0x00079738	1
_CT4	0x0007972c	1
_Caps	0x000026bc	1
_ChangedObjects	0x00066652	1
_CmapCache	0x0006a5a3	1
_CmapFrm	0x0006a4a3	1
_CmaptoPg	0x0006a2a3	1
_Color_a_b	0x0006388e	1
_Color_data_ptr	0x00063aa4	1
_ComObjData	0x0007df6a	1
_Containers	0x0007fa58	1
_Creature	0x00080bf0	1
_CrittoCmap	0x0006a223	1
_CrownTmap	0x000795f8	1
_Ctrl	0x000026b8	1
_Ctrl1	0x000026bb	1
_CurDir	0x0007f76a	1
_CursorObjPtr	0x0007cdc0	1
_CutsDirectory	0x000666b2	1
_DataDirectory	0x000666a9	1
_DbEntry	0x0007ce14	1
_DisplayBytes	0x00077d3a	1
_DisplayToSlot	0x00066276	1
_Dither_4x4	0x00063ed0	1
_DoAnimO	0x0006669e	1
_DoMono	0x00065f58	1
_Dropshadow_color	0x00077d30	1
_DurCount	0x0006661c	1
_EmsBuff	0x0007cde4	1
_FL_X	0x00065be0	1
_FillMode	0x000665f2	1
_Fill_type	0x00063678	1
_FontData	0x00097cca	1
_FontInfo	0x00077748	1
_Food	0x0007ddf2	1
_ForceObjWrite	0x00066653	1
_Foreground_color	0x00077d34	1
_ForwInpRate	0x00065bac	1
_FrameBuffer	0x000826d4	1
_GTL_hdrp	0x00078d78	1
_GameInputMode	0x000795ec	1
_GrSq	0x0007ce9a	1
_GraphicsDriver	0x00099f7c	1
_Hasted	0x000795f2	1
_HomeDir	0x0007c220	1
_IgnoringInput	0x0006667a	1
_InVuln	0x00066666	1
_InvDisplay	0x00066118	1
_InvDownArrow	0x00066641	1
_InvUpArrow	0x00066640	1
_Inventory	0x00081a56	1
_IsJoy	0x00081e48	1
_JFontInfo	0x0009904c	1
_Keyarray	0x0000260a	1
_KeybUsed	0x00066680	1
_LastActiveMob	0x0007cdfc	1
_LeftPanel	0x00066614	1
_Lights	0x00081a30	1
_LogFile	0x00066604	1
_MP	0x00065834	1
_MapDirty	0x00066648	1
_MapObj_X	0x000795f0	1
_MapObj_Y	0x000795ee	1
_MaxPlayerAccel	0x00063450	1
_Missile	0x00081800	1
_MouseDx	0x00068750	1
_MouseDy	0x00068752	1
_MouseOn	0x00067606	1
_MoveCamera	0x0006667f	1
_MoveCrits	0x0006666a	1
_NewPlayerLevel	0x0007ce80	1
_NewPlayerX	0x0007ceba	1
_NewPlayerY	0x0007ceb6	1
_NewPlyFade	0x00066608	1
_Obj_Find_Head	0x0007cd64	1
_ObjectActing	0x000795e8	1
_ObjectActor	0x000795e0	1
_ObjectActorArg	0x000795e4	1
_OpenBag	0x0006663c	1
_OpenBagList	0x00066638	1
_P256	0x00098d4a	1
_PBot	0x0007ce82	1
_PHgt	0x0007cec8	1
_PLeft	0x0007ce88	1
_PMsHndle	0x00066668	1
_PN	0x00079704	1
_PT	0x000796f8	1
_PWid	0x0007ce20	1
_PalStore	0x0007cd60	1
_Palette_flag	0x00077d5e	1
_Palettes	0x00081830	1
_PgtoCmap	0x0006a3a3	1
_PickDist	0x000657e8	1
_PickMap	0x0007cdf4	1
_PickUp	0x00081e40	1
_PixelColor	0x00077d61	1
_PlayerBank	0x0007cecc	1
_PlayerDat	0x00081aa8	1
_PlayerFacing	0x0007cd04	1
_PlayerHeading	0x0007cd06	1
_PlayerInput	0x00066676	1
_PlayerLevel	0x0007cd02	1
_PlayerObj	0x0007cd88	1
_PlayerPitch	0x0007ce2e	1
_PlayerTurn	0x00066678	1
_PlayersMap	0x0007fa98	1
_PoisonWeap	0x000795f3	1
_Ppd	0x00081a8e	1
_RightButtonThing	0x0007ce8a	1
_RightPanel	0x00066681	1
_Run_FPS	0x00063456	1
_SaveHandles	0x0007f7bc	1
_Shift	0x000026b6	1
_Shift1	0x000026b9	1
_ShowClip	0x00077e18	1
_ShowStupidFirstPersonWeapon	0x00065cf8	1
_Side_FPS	0x00063454	1
_SlotToDisplay	0x0006625a	1
_SoundDirectory	0x0006669f	1
_SpecShadeMode	0x00066665	1
_TP	0x00079650	1
_ThePlayer	0x0007ccfc	1
_Time	0x000687a0	1
_TimeStop	0x000795f4	1
_Tinagi	0x0008b43a	1
_Transparency	0x00077e19	1
_Treasure	0x000817f0	1
_Triggers	0x0007fa88	1
_TurnInpRate	0x00065bae	1
_TxmCol	0x0007debc	1
_TxmID	0x0007cc74	1
_TxmTerr	0x0007cbf4	1
_UsPtr	0x0007cddc	1
_UsingPole	0x00066667	1
_ValidLightSlots	0x00066114	1
_Valor	0x000795f9	1
_Wbottom	0x00077d5a	1
_Weapons	0x0007de02	1
_WizEye	0x000795f6	1
_Wleft	0x00077d4e	1
_WorkPath	0x0007df1a	1
_Workspace	0x0007ce00	1
_Wright	0x00077d56	1
_Wtop	0x00077d52	1
_XP	0x0007ced6	1
_YP	0x0007ceb8	1
_Ytab	0x0007c088	1
__Bits	0x00078b08	1
__CHK	0x00061263	1
__CMain	0x0005fdff	1
__D16Infoseg	0x00063414	1
__DOSseg__	0x00001234	0
__EINVAL_	0x000604ef	1
__Envptr	0x00078674	1
__Envseg	0x00078678	1
__ExpandDGROUP_	0x0005ff3d	1
__Extender	0x00078672	1
__FPE_handler	0x0007867c	1
__FiniRtns	0x0005fd93	1
__GDAptr	0x00063410	1
__GETDS	0x000029af	1
__GRO	0x00061273	1
__InitRtns	0x0005fd54	1
__Init_Argv_	0x000612ab	1
__IsTable	0x000789d0	1
__LastFree_	0x0005fe7d	1
__LpCmdLine	0x00078650	1
__LpPgmName	0x00078654	1
__MemAllocator	0x00060234	1
__MemFree	0x000602e4	1
__STACKLOW	0x0007865c	1
__STACKTOP	0x00078660	1
__STK	0x00061276	1
__STKOVERFLOW_	0x00061293	1
___EFG_printf	0x000789c0	1
___EFG_scanf	0x000789c4	1
___FPE_handler	0x0007867c	1
___FPE_handler_exit	0x0007868c	1
___NFiles	0x000788d0	1
____Argc	0x0009aaec	1
____Argv	0x0009aae8	1
___atexit	0x00078684	1
___dilyr	0x00078aee	1
___diyr	0x00078ad4	1
___dst_adjust	0x00078970	1
___end_dst	0x00078948	1
___env_mask	0x000789cc	1
___fheap_clean	0x0009aadd	1
___int23_exit	0x00078688	1
___iob	0x0007869c	1
___ioexit	0x00078680	1
___minreal	0x0009aaf0	1
___nheap	0x0007860c	1
___nheap_clean	0x0009aadc	1
___nheapbeg	0x00078610	1
___nheapblk	0x00078614	1
___start_dst	0x00078924	1
___tmpfnext	0x000788a4	1
___umaskval	0x00078694	1
__allocfp_	0x000605bf	1
__amblksiz	0x00078690	1
__argc	0x00078640	1
__argv	0x00078644	1
__atype	0x00066bd4	1
__bit_offset	0x0007ce38	1
__bits_left	0x0007ce86	1
__brk_	0x0006147b	1
__brktime_	0x00061b5f	1
__byte_offset	0x0007ce3a	1
__cbyte	0x00078664	1
__cbyte2	0x00078668	1
__child	0x0007866c	1
__chktty_	0x00060f40	1
__clear_code	0x0007ce34	1
__code_buffer	0x0007cdac	1
__code_size	0x0007ceac	1
__curbrk	0x0007864c	1
__currentcode	0x0007cd6c	1
__dbend	0x00076252	1
__dblen	0x00076252	1
__dbstart	0x0006c0d4	1
__doclose_	0x0005fc5b	1
__doserrno	0x0009aae4	1
__doserror_	0x000603f0	1
__dynend	0x00078648	1
__eof_code	0x0007ce36	1
__exit_	0x0000297f	1
__exit_with_msg_	0x00002981	1
__filbuf_	0x000610d9	1
__fill_buffer_	0x000610fa	1
__flushall_	0x00061869	1
__fmode	0x00078698	1
__fprtf_	0x00061007	1
__free_code	0x0007ce3e	1
__freefp_	0x000605f3	1
__full_io_exit_	0x00061cba	1
__get_doserrno_ptr_	0x00061254	1
__get_errno_ptr_	0x0006124e	1
__getctime_	0x0006043e	1
__ioalloc_	0x00060ec9	1
__iomode	0x000788d4	1
__isindst_	0x000618d1	1
__leapyear_	0x000618a0	1
__line_number	0x0007ce62	1
__line_offset	0x0007ce40	1
__max_code	0x0007ce3c	1
__newcode	0x0007cd70	1
__nmemneed_	0x0005fe7a	1
__no87	0x00078670	1
__null_int23_exit_	0x0005fdd3	1
__nullarea	0x00061ec0	1
__oldcode	0x0007cd68	1
__open_flags_	0x0005fa24	1
__osmajor	0x0007867a	1
__osminor	0x0007867b	1
__parse_tz_	0x00061741	1
__prtf_	0x0006063d	1
__psp	0x00078658	1
__qread_	0x00060403	1
__qwrite_	0x000617cd	1
__scrn_buf	0x0007cd7c	1
__set_binary_	0x0005ed80	1
__setbits_	0x00061c77	1
__setenvp_	0x00061dd5	1
__vcount	0x00099f68	1
_act_pages	0x00066692	1
_active_conv_menu	0x0007cd54	1
_actspMshandle	0x0007ce76	1
_actual_mhide_	0x0000ba34	1
_adjust	0x00065c9c	1
_aligned	0x00081e49	1
_alloctab	0x00065d84	1
_always_decode	0x0006668b	1
_animclassd	0x0007da48	1
_animcount	0x00081e3a	1
_animlist	0x0007db0e	1
_arc_buffer	0x0007cda8	1
_arcbuf	0x000826d4	1
_arcstr	0x00065d88	1
_area1_spells	0x00066430	1
_area_spell_state	0x00066688	1
_area_spells	0x000663f8	1
_askill	0x000795d0	1
_asm_clip_polygon	0x0005870e	1
_asm_clip_polygon_bottom	0x0005848c	1
_asm_clip_polygon_left	0x000583b4	1
_asm_clip_polygon_right	0x00058567	1
_asm_clip_polygon_top	0x00058639	1
_asm_project_polygon	0x000575d8	1
_asm_texture_map	0x00056a31	1
_asm_texture_map_1	0x00057642	1
_asm_texture_map_scanline_lin_tlp	0x00057f48	1
_asm_texture_map_scanline_lin_tlpv	0x00057218	1
_asm_texture_map_scanline_lin_tp	0x00057b28	1
_asm_texture_map_scanline_per_tlp	0x00057cb4	1
_asm_texture_map_scanline_per_tp	0x00057964	1
_asm_texture_map_v	0x00055f4c	1
_attackKey	0x000657d0	1
_bmhgtoff	0x0006bff8	1
_bmsegoff	0x0006bffc	1
_bobEffect	0x00065b7c	1
_btns	0x0007cd40	1
_btntop	0x00066358	1
_bubbling	0x00065c1c	1
_button_to_mode	0x0006346c	1
_cBmap_blk	0x0006c0a8	1
_cBmsSeg	0x0008a43a	1
_cButton	0x00068798	1
_cDbase	0x0006c0a0	1
_cDbbase	0x0006c0b4	1
_cDbgRef	0x0006388e	1
_cEntryStrt	0x0006c0a4	1
_cExitMessage	0x000687ac	1
_cGrsOff	0x00068a23	1
_cJoyInit	0x0006879c	1
_cLightTabs	0x0006c0ac	1
_cNibOff	0x00068a04	1
_cNibXlate	0x0006c0b0	1
_cObjTab	0x00069a23	1
_cPerror	0x000687a8	1
_cPixXferStuff	0x0006c0b8	1
_cPlayer	0x0006c09c	1
_cStick	0x00068794	1
_cTmBm	0x0007ce28	1
_cTmDm	0x0007ced8	1
_cTmHg	0x0007ce94	1
_cTmSz	0x0007ceb0	1
_cVertex	0x00099c44	1
_cWCol	0x0007ce68	1
_cWindow	0x00077d4e	1
_cXfer	0x0006b774	1
_calledfrom3d	0x00066659	1
_camang	0x00081a50	1
_campos	0x0007cfe0	1
_centptr	0x0007cdcc	1
_change_state	0x00066060	1
_changed	0x0007ce60	1
_channel_punt	0x00063668	1
_channel_sem	0x00063669	1
_checkerboard1	0x0006b6b4	1
_chgtable	0x00065870	1
_chrbuf	0x0007bf14	1
_chroff	0x0007bf1c	1
_ciels	0x00066662	1
_cllbck_tst	0x0000dadc	1
_cmbModTH	0x000795b4	1
_cmpbuf1_start	0x0008b43a	1
_cmpbuf2_start	0x0009083a	1
_cnv_break	0x000665ff	1
_cnv_id	0x000665f8	1
_collobject	0x0007ce04	1
_color_to_map	0x00080a98	1
_color_to_obj	0x0007dc9a	1
_colours	0x0009904a	1
_combEfflen	0x00065b78	1
_cong_mes	0x000663e0	1
_constadr	0x0007cb64	1
_control	0x00081e54	1
_conv_buffer	0x000665f4	1
_copy_file_	0x0005104c	1
_copyf	0x000675e0	1
_count	0x0007c084	1
_cr_class	0x0007ce7c	1
_cr_title	0x0007defc	1
_cr_type	0x0007ce7e	1
_crit_fpage	0x0006a6a3	1
_crit_inpage	0x0006a6a7	1
_crit_nlpages	0x0006a6a5	1
_crit_terr	0x0007cea0	1
_critbot	0x0007cdb8	1
_critdata	0x0007cdb0	1
_crithit	0x000665fd	1
_crithittime	0x0007cde8	1
_criti	0x000795da	1
_critptr	0x0007cdd0	1
_crittop	0x0007cd74	1
_cst	0x0007cd58	1
_cstart_	0x00002760	1
_cstcom	0x0007cd9c	1
_curBin	0x00081e3f	1
_curP	0x0007ce10	1
_curZoom	0x0007ce5a	1
_cur_left_ind	0x00097712	1
_cur_light_level	0x00066682	1
_cur_right_ind	0x00097716	1
_curautocode	0x00066664	1
_curelem	0x00065e90	1
_current_button	0x0007ce48	1
_current_buttongroup	0x000635f4	1
_current_hilit_button	0x0006664a	1
_curvrad	0x0007ce9c	1
_cuts_buffer_end	0x00096522	1
_cuts_dispatch	0x00065ed4	1
_cuts_screen	0x0007c0a4	1
_cutstmp	0x000826d4	1
_d2ttime_	0x0006055e	1
_damage	0x000795cc	1
_daylight	0x00078974	1
_dbact	0x0007ce98	1
_dballow	0x0007cebc	1
_dbhgt	0x0007ceca	1
_dbptr	0x0008213c	1
_dbwid	0x0007ce22	1
_ddone	0x000795c8	1
_def_mode	0x00066616	1
_demo_mode	0x00081e44	1
_denominator	0x00076490	1
_detail_buttongroup	0x000634c4	1
_didMouseInput	0x0006669b	1
_didhitobj	0x00081e47	1
_didmove	0x00081e61	1
_digi_fx_timer	0x0000cb10	1
_digi_src	0x00078f78	1
_dirtab	0x00065b14	1
_dirval	0x00081e63	1
_diskerr	0x00051846	1
_display_inventory_no_show	0x00066630	1
_dist8	0x0006665a	1
_distpoly	0x0006665c	1
_divide_overflow_has_occurred	0x00076487	1
_dl	0x000979ba	1
_dl_left	0x0009776e	1
_dl_right	0x00097772	1
_doMod	0x00081e5e	1
_dontchangedz	0x00081e60	1
_door_type	0x00081e50	1
_doorx	0x00081e69	1
_doory	0x00081e68	1
_dos_findfirst_	0x0005e548	1
_dos_findnext_	0x0005e55e	1
_dos_getdiskfree_	0x0005e598	1
_dos_getdrive_	0x0005e570	1
_dos_getftime_	0x0005e514	1
_dos_setdrive_	0x0005e584	1
_dos_setftime_	0x0005e534	1
_dosret0_	0x000604e3	1
_dosretax_	0x000604ea	1
_dp_tab	0x00066d1a	1
_drives	0x00081e98	1
_ds_channel_info	0x00078f8c	1
_ds_channel_status	0x00078d84	1
_ds_page_status	0x00078d86	1
_ds_pan	0x00063665	1
_ds_sounds_in_ems	0x00078f14	1
_ds_volume	0x00063664	1
_dsbuf	0x00078f60	1
_dsdata	0x0006365c	1
_dsfx_playing	0x00066642	1
_dtypes	0x0006656c	1
_du	0x000979ae	1
_du_left	0x00097752	1
_du_right	0x0009775e	1
_dungeonf	0x00081e25	1
_dv	0x000979b2	1
_dv_left	0x00097756	1
_dv_right	0x00097762	1
_dw	0x000979b6	1
_dw_left	0x00097766	1
_dw_right	0x0009776a	1
_dx_left	0x0009774e	1
_dx_right	0x0009775a	1
_dxtab	0x000659fa	1
_dyl	0x00097786	1
_dyr	0x0009778a	1
_edata	0x00078b10	1
_editor_dispatch	0x00065fa0	1
_effects	0x00078d8a	1
_emspages	0x0007cd94	1
_enc_dat	0x000658d1	1
_end	0x0009ab20	1
_end_pal	0x0007d2e6	1
_environ	0x000789c8	1
_errno	0x0009aae0	1
_exit_	0x0005fdea	1
_expand_	0x0006012e	1
_eyes	0x00065c78	1
_eyes_frame	0x00065c7a	1
_eyes_seq	0x00065c6e	1
_failed	0x00081e5a	1
_fauxright	0x00066656	1
_fbuf	0x000826d4	1
_file_buttongroup	0x0006355c	1
_first_anim	0x00068a08	1
_first_button	0x00066622	1
_first_obj	0x00066620	1
_first_tmobj	0x00066624	1
_first_vram	0x00066626	1
_fiz_update	0x00066613	1
_flagtab	0x00065d7c	1
_flaskMshandle	0x0007ce7a	1
_flat_case	0x00081e52	1
_flciel	0x00065941	1
_flooddata	0x000826d4	1
_focus_x	0x00065ec8	1
_focus_y	0x00065eca	1
_font4x5p	0x000665b0	1
_font5x6i	0x000665ca	1
_font5x6p	0x000665bd	1
_fontbig	0x000665d7	1
_fontchar	0x000665e3	1
_freelblptr	0x000826c5	1
_freelbls	0x00082144	1
_freepaths	0x000665fa	1
_frictionless	0x00081e58	1
_frmtot	0x00079d3b	1
_fromwho	0x000795c0	1
_fudge	0x000665f1	1
_fx_timer	0x0000e988	1
_gameopts_buttongroup	0x00063478	1
_gameopts_done	0x0007ce66	1
_gamma	0x0006634c	1
_gammatable	0x000666d4	1
_gctab	0x00065980	1
_gftab	0x00065978	1
_globals	0x00066684	1
_glocs	0x0007d5e6	1
_gmtime_	0x00061c57	1
_goal	0x00079d7c	1
_grCopyFbToScreen	0x00099fac	1
_grCopyRect	0x00099f9c	1
_grCopyYLR	0x00099f90	1
_grDoGrab	0x00099fbc	1
_grDoPalette	0x00099f88	1
_grDrawFont	0x00099fb8	1
_grDrawString	0x00099fcc	1
_grDrawYLRPP	0x00099fa4	1
_grFbcopyYLR	0x00099fd8	1
_grFbufSaveYLR	0x00099fd4	1
_grPageFlip	0x00099f80	1
_grPixel	0x00099f94	1
_grReadPixel	0x00099f98	1
_grRestoreYLR	0x00099fb4	1
_grSaveYLR	0x00099fb0	1
_grSetFontSize	0x00099fc8	1
_grShow640	0x00099fd0	1
_grSoftPageFlip	0x00099f84	1
_grSolidBox	0x00099fa0	1
_grSolidYLR	0x00099f8c	1
_grV4CopyYLRPP	0x00099fc0	1
_grV4CopyYLRPP_R	0x00099fc4	1
_grVcopy	0x00099fa8	1
_grVscreenCopy	0x00099fdc	1
_gr_ccall	0x000798a4	1
_gr_end	0x00096522	1
_gr_fcall	0x000798a0	1
_gr_offs	0x00095c3a	1
_gr_wcall	0x000798a8	1
_grbuf	0x000826d4	1
_greed	0x0007ceb4	1
_grfp	0x0007cd98	1
_grfx_driver	0x000660b8	1
_grs_3dinf	0x0006a223	1
_grs_off	0x00068a23	1
_gsize	0x00081e5f	1
_gvechead	0x0007989f	1
_gvecs	0x00079764	1
_gwtab	0x00065988	1
_hack_vec	0x00066068	1
_handlers	0x00066088	1
_hd_icons	0x00067594	1
_headmod	0x00065888	1
_hgt_val	0x000662c0	1
_hgtmodtab	0x000659b0	1
_hilit_pics	0x000662ec	1
_hit_wall	0x000657c0	1
_hitadoor	0x00081e46	1
_hitangle	0x000795dd	1
_hitloc	0x000795d4	1
_hitobj	0x000795c6	1
_hitwall	0x00081e3e	1
_hitx	0x00081e43	1
_hity	0x00081e42	1
_hitz	0x000795d8	1
_holdmid	0x000798c0	1
_holdtmp	0x0007990e	1
_icon0	0x00066d74	1
_icon1	0x00066e39	1
_icon2	0x00066efe	1
_icon3	0x00066fc3	1
_icon4	0x00067088	1
_icon_button_handle	0x0007ce72	1
_iinkey	0x0000268c	1
_in	0x00081e70	1
_in_game	0x00066609	1
_inanmMapX	0x00081e67	1
_inanmMapY	0x00081e66	1
_inforMshandle	0x0007ce78	1
_init_files_	0x0005fe2a	1
_inpl	0x0007deb2	1
_inplist	0x0006662c	1
_input_addkey_	0x0000b330	1
_inside	0x0007649c	1
_invArmorObj	0x0007dc94	1
_invArmorQ	0x0007da88	1
_inv_refresh	0x00066291	1
_ixyn	0x000675a8	1
_joymovecur	0x00066654	1
_jstuff	0x000663a8	1
_k_modes	0x00066318	1
_kattr	0x0007cba2	1
_kb_mode	0x00066cd9	1
_kcurhndl	0x00063468	1
_kdispcnt	0x0007ce70	1
_key_dispatch	0x00078c3c	1
_key_hit	0x0000268b	1
_key_on	0x0000260a	1
_key_set	0x0000268e	1
_kmode	0x00066cd8	1
_l	0x000979ca	1
_l2	0x000979ce	1
_lastDurCheck	0x00066618	1
_lastTerr	0x0007cea2	1
_lastXeye	0x0007ce56	1
_lastYeye	0x0007ce58	1
_last_light	0x00066333	1
_last_sr_file_num	0x0006630a	1
_last_weap	0x00065bd7	1
_lastbin	0x000665fc	1
_lastcombattime	0x0007cdec	1
_lastscrmode	0x0007ce32	1
_lblrefs	0x00082164	1
_lcldblen	0x0007ce90	1
_ld_close_	0x00038c70	1
_ld_gr_	0x00038c7c	1
_ld_open_	0x00038b00	1
_lengset	0x0006669d	1
_lentab	0x00065d80	1
_level	0x00065c94	1
_light_act	0x00066330	1
_light_hi	0x00066332	1
_light_mod	0x0006632f	1
_lighton	0x00066660	1
_liquid_h	0x00065c00	1
_liquid_y	0x00065be4	1
_lleft	0x00097746	1
_lmask	0x00065f48	1
_load_adr	0x00066628	1
_load_only	0x0006366a	1
_loc	0x00082564	1
_loc_lght	0x00066331	1
_locsqmod	0x00081e5d	1
_loct	0x00081e45	1
_logh	0x0007c0b2	1
_logw	0x0007c0b0	1
_loopx	0x0007ce42	1
_loopy	0x0007ce2c	1
_lright	0x0009774a	1
_lstime	0x00066634	1
_lstpos	0x00082140	1
_lstrel	0x00082142	1
_lv1	0x0009778e	1
_lv2	0x00097792	1
_lz_buf_size	0x00081e8c	1
_lz_hash_buff	0x00081e80	1
_lz_in_buf	0x00081e84	1
_lz_out_buf	0x00081e88	1
_m3dh	0x0007ce5c	1
_m3dt	0x0007ce50	1
_m3dw	0x0007ce4c	1
_m3dx	0x0007ce4a	1
_m3dy	0x0007ce46	1
_magical_missile	0x00066649	1
_main_scroll	0x00065d14	1
_map_sq	0x000665ac	1
_mapdata	0x00066644	1
_mapptr	0x0007cdd8	1
_max_y	0x0009771e	1
_mcurhndl	0x00078c40	1
_mdispcnt	0x0007ce6e	1
_menu_scroll	0x00065d40	1
_menus_active	0x0006669a	1
_meptr	0x0007cdc4	1
_message_pics	0x00066300	1
_mhighptr	0x000798b4	1
_min_y	0x0009771a	1
_missile_hit	0x000657c1	1
_missile_trx	0x0007cec2	1
_missile_try	0x0007cec0	1
_mlowptr	0x000798b0	1
_mode_to_button	0x00063472	1
_motionbits	0x00066612	1
_mous_dispatch	0x00078c38	1
_mouse_hand	0x00066658	1
_mouse_in_scroll	0x00081e4f	1
_mptrmod	0x0007cea6	1
_msize_	0x0005fe71	1
_mspell_mused	0x0006668a	1
_muls	0x00065f59	1
_musicDriver	0x00063624	1
_music_sound	0x0007ce24	1
_musicsound_buttongroup	0x000635a8	1
_mxY	0x0007ce26	1
_mycst	0x0007cd5c	1
_myheight	0x00081e3d	1
_myid	0x00081e55	1
_myoldfacing	0x00081e57	1
_myoldheading	0x00081e56	1
_myoldspeed	0x00081e62	1
_mytarget	0x0007cd90	1
_myxhome	0x00081e4c	1
_myxpos	0x00081e34	1
_myxpost	0x0007cece	1
_myyhome	0x00081e4d	1
_myypos	0x00081e35	1
_myypost	0x0007ced0	1
_myzpos	0x00081e36	1
_nbtns	0x0007ce54	1
_nedl_x	0x00065c20	1
_nedl_y	0x00065c40	1
_newPlObj	0x0007cd84	1
_newdbact	0x00081e5b	1
_nexpand_	0x0006012e	1
_nextSpellTime	0x0006668c	1
_nextstep	0x0006666c	1
_nfree_	0x0005e4ee	1
_nmalloc_	0x0005e48b	1
_nmsize_	0x0005fe71	1
_norm	0x00065a12	1
_notdone	0x0007ce64	1
_npals	0x00081e3c	1
_npc_assess	0x0007ce8e	1
_npc_scroll	0x00065d2a	1
_npp_func	0x0006660c	1
_nrealloc_	0x0005e407	1
_num_buf	0x0007ce4e	1
_num_timbre	0x00078d80	1
_nvokHgt	0x0007cec4	1
_nvokTerr	0x0007cea4	1
_oCollisions	0x0007de82	1
_objClass	0x00066650	1
_objMeta	0x0006664c	1
_objType	0x0006664e	1
_obj_inpage1	0x0006a6ab	1
_obj_tab	0x00069a23	1
_objbot	0x0007cdbc	1
_objdata	0x0007cdb4	1
_objptr	0x0007cdd4	1
_objptrs	0x00079c62	1
_objtop	0x0007cd78	1
_objxloc	0x0007ceda	1
_objyloc	0x0007cedc	1
_objzloc	0x0007cede	1
_offtab	0x00065d78	1
_oldPlayerInput	0x0006667c	1
_old_keyboard	0x00002606	1
_oldh	0x0007ceb2	1
_olds	0x0007ce96	1
_opcode_text	0x00065de0	1
_ourX	0x00081e65	1
_ourY	0x00081e64	1
_out	0x00081e72	1
_pFPS	0x0007dc8e	1
_pQatt	0x000657ce	1
_pTurn	0x0007ceae	1
_pTxtId	0x0007ce2a	1
_pan_dir	0x0007c0ae	1
_pan_dx	0x00065eb8	1
_pan_dy	0x00065ec0	1
_pan_step	0x0007c0b4	1
_panel_dispatch	0x00065c88	1
_panelbuf	0x000826d4	1
_pathlen	0x00081e59	1
_paths	0x0007f898	1
_pathsq	0x0007cee4	1
_pbuf	0x00065c60	1
_pending	0x00078d82	1
_pg_hnd	0x0006a6b0	1
_pg_seg	0x0006a6ac	1
_pget1	0x000659c4	1
_pget2	0x000659c7	1
_pipeexp	0x0007ce5e	1
_pix_per_frame	0x0007ce1c	1
_pixels	0x000976fe	1
_play_pow	0x000795d6	1
_player	0x0007ccf8	1
_playerMod	0x0007cd48	1
_player_disp	0x000657ec	1
_player_name_handle	0x0007cd00	1
_player_weapon	0x000795d7	1
_playerdat	0x0007ccf4	1
_plyMoType	0x00066610	1
_plyNotice	0x0006632d	1
_plyregen	0x000662e4	1
_pmouseHandled	0x00066674	1
_pn_act	0x00078b10	1
_power	0x000795db	1
_prelblnum	0x000826c4	1
_protect	0x000666cc	1
_ptnuminq	0x0007ce84	1
_qdec	0x0007cd50	1
_quad	0x00081e41	1
_quad_mod	0x00065990	1
_qudecode	0x000659a0	1
_quick_time	0x000795f7	1
_quit_buttongroup	0x00063510	1
_realDScheck	0x0006661d	1
_real_exit	0x000025ed	1
_real_initialize	0x000025ce	1
_rect_cols	0x00065a34	1
_rect_sub	0x00065ad4	1
_refs	0x000826a4	1
_refugees	0x00079a10	1
_releasePtr	0x0007cdc8	1
_releaseable	0x0006661e	1
_res_to_terr	0x00065820	1
_rfac	0x0007cebe	1
_rmask	0x00065f4c	1
_rnum	0x0007ce18	1
_rorEffect	0x00065b9c	1
_rune_x	0x00065c7c	1
_running_away	0x000665f0	1
_rv1	0x00097796	1
_rv2	0x0009779a	1
_s_an_adventurer	0x000662b0	1
_s_cursed	0x000662a7	1
_s_magical	0x00066298	1
_s_no	0x00066311	1
_s_relk	0x000662b7	1
_s_yes	0x0006630c	1
_save_or_rest	0x000662e8	1
_save_rest	0x0007ce8c	1
_sbmsegoff	0x0006c000	1
_screen0	0x0007c090	1
_screen1	0x0007c08c	1
_scrgr_fpage	0x0006a6aa	1
_scrmode	0x0007ce30	1
_scrnum	0x0007ce1a	1
_scroll	0x0007cda4	1
_scroll_esc	0x0006669c	1
_scroll_mode	0x00066696	1
_sd_xmod	0x0007cea8	1
_sd_ymod	0x0007ceaa	1
_seq_len	0x00078c2e	1
_seq_lframe	0x00078c2c	1
_seqptr	0x00078c24	1
_set_errno_	0x00060500	1
_setting	0x00079d85	1
_sfxDriver	0x00063628	1
_shift	0x0000268a	1
_shutdown	0x000025f7	1
_sknow	0x0007bf18	1
_sliEffect	0x00065b8c	1
_slidEfflen	0x00065b7a	1
_smooth_base	0x0007645a	1
_smooth_div	0x00076458	1
_smooth_lowpass	0x0007645c	1
_sortdata	0x00079920	1
_sortlist	0x000798d2	1
_sound_fpage	0x00081e4e	1
_spec_col	0x00065d55	1
_specweap	0x000795be	1
_speech_buffer	0x00000400	1
_speechok	0x00063631	1
_spellMshandle	0x0007ce74	1
_spell_delay	0x00066631	1
_spell_x	0x00065c82	1
_spells	0x00066456	1
_spew_abunch	0x0006660a	1
_sphdriver	0x00063654	1
_splitpath_	0x0005e9b9	1
_splity	0x00065eb6	1
_spsave	0x0006658c	1
_sqmod	0x00081e5c	1
_start_line	0x00066698	1
_start_pal	0x0007cfe6	1
_state_table	0x00078d74	1
_stay_centered	0x0006581f	1
_stdat	0x000826d4	1
_str_buff	0x0007ad9c	1
_str_file	0x00079d90	1
_strtime	0x0007cdf0	1
_super_block	0x0007ce44	1
_swishing	0x00065c1e	1
_tCacheOK	0x00081e53	1
_tabtype	0x00066600	1
_talking_to	0x0007ce08	1
_targx	0x000795c4	1
_targy	0x000795c2	1
_task_data1	0x0007c158	1
_task_data2	0x0007c138	1
_task_flags	0x0007c0d8	1
_task_period	0x0007c178	1
_task_pointer_data	0x0007c0f8	1
_task_residue	0x0007c1d8	1
_task_sofar	0x0007c1f8	1
_task_total	0x0007c0b8	1
_tasks	0x0007c198	1
_tdistsqr	0x0007ce52	1
_tdisttsqr	0x0007cd80	1
_tdx	0x0007cee2	1
_tdy	0x0007cee0	1
_thgt	0x000659ca	1
_tile_to_five	0x00065951	1
_tile_walls	0x00066598	1
_timbre_cached	0x0006366c	1
_timercount	0x00081e3b	1
_timerlist	0x0007da8e	1
_timezone	0x0007896c	1
_tmap_fpage	0x0006a6a9	1
_tmap_inpage	0x0006a6a8	1
_tmapson	0x0006665e	1
_tmpcnt	0x0007ce6c	1
_tmpoffs	0x0007cda0	1
_tmptr	0x0007cde0	1
_towhere	0x000795d2	1
_tp_act	0x00078b14	1
_trans	0x0007ce0c	1
_trans_grid	0x00065890	1
_trans_pos_x	0x00065b38	1
_transparency_color	0x0009770b	1
_trap_teleport_data	0x00066690	1
_tremEfflen	0x00065b79	1
_tsteps	0x00065b7b	1
_txpos	0x00081e37	1
_txpost	0x0007ced2	1
_typehit	0x000665fe	1
_typos	0x00081e38	1
_typost	0x0007ced4	1
_tzname	0x000789b6	1
_tzpos	0x00081e39	1
_u	0x000979be	1
_u_mod	0x000976f6	1
_u_size	0x00097702	1
_uleft	0x0009772a	1
_uncmp_pal	0x00076ee4	1
_unhilit_pics	0x000662f6	1
_update_vscreen	0x0007c21b	1
_uright	0x00097736	1
_using_altaras_dagger	0x000795dc	1
_using_bow	0x00065800	1
_v	0x000979c2	1
_v_l0	0x000976ca	1
_v_l1	0x000976ce	1
_v_mod	0x000976fa	1
_v_size	0x00097704	1
_v_u0	0x000976ba	1
_v_u1	0x000976be	1
_v_v0	0x000976c2	1
_v_v1	0x000976c6	1
_v_w0	0x000976d2	1
_v_w1	0x000976d6	1
_v_y0	0x000976b2	1
_v_y1	0x000976b6	1
_vbi_interupt	0x0005177e	1
_vbi_mouse	0x0005146a	1
_vbi_timer	0x00068744	1
_vcount	0x00076498	1
_vertices	0x00076494	1
_vfx	0x0007c0ac	1
_vfy	0x0007c0aa	1
_victim	0x00078c28	1
_videoDriver	0x000666bc	1
_vleft	0x0009772e	1
_voff	0x0007c0b6	1
_vort_rad	0x0007ce9e	1
_vort_theta	0x0007ce92	1
_vort_timer	0x0007ce6a	1
_vort_x	0x00081e4b	1
_vort_y	0x00081e4a	1
_vp0	0x000666c0	1
_vp1	0x000666c4	1
_vp2	0x000666c8	1
_vright	0x0009773a	1
_w	0x000979c6	1
_wallmodtab	0x000659e8	1
_water_eff	0x0006667e	1
_watertime	0x00066670	1
_wbuf	0x00065c68	1
_weap_frame	0x00065bda	1
_weap_offs	0x00079cdc	1
_weap_x	0x00079d5d	1
_weap_y	0x00079d3e	1
_weapid	0x00065bd6	1
_wfo	0x00065bde	1
_wframe	0x00079d1c	1
_which_buffer	0x00078fa4	1
_wleft	0x0009773e	1
_wlstate	0x00065bd8	1
_work_inuse	0x00066694	1
_wright	0x00097742	1
_wsize	0x000795ce	1
_wxo	0x00065bdc	1
_x	0x000979d2	1
_x0_my_floor	0x000979d6	1
_x1_my_floor	0x000979da	1
_xhgt	0x0007cec6	1
_xleft	0x00097726	1
_xright	0x00097732	1
_xwid	0x0007ce1e	1
_y	0x00097722	1
_yleft	0x000976e2	1
_yright	0x000976e6	1
aExit_	0x000515a9	1
aShutdown_	0x0005174f	1
aStart_	0x00051564	1
abort_due_to_kfix_div_ovf	0x0009770a	1
abs_	0x0005fd4c	1
ac_setup_lzw_	0x000468e0	1
ac_shrink_disk_	0x0004694c	1
ac_suck_data_	0x00023e6c	1
ac_unshrink_disk_	0x00046900	1
accept_flag	0x00076451	1
acceptable_danger_	0x00009228	1
access_	0x0005f05a	1
active_critter_	0x00016b28	1
active_spells_	0x000209f8	1
add_animobj_	0x000230e0	1
add_gamma_	0x00043a6c	1
add_rune_	0x0003a7d0	1
add_to_	0x00026948	1
add_to_beeline_path_	0x00004ec0	1
add_to_npc_inv_	0x00028838	1
add_to_skill_	0x00046b0c	1
adjust_compass_	0x0002001c	1
adjust_eyes_	0x000201e8	1
adjust_flasks_	0x0001fcb8	1
adjust_height_	0x00005ce4	1
adjust_panel_	0x00020190	1
adjust_power_	0x000200a8	1
adjust_weapon_	0x00020614	1
adr_chrpic_	0x0002c370	1
adr_const_	0x00038e5c	1
adr_convpic_	0x0002c9e0	1
adr_opbtn_	0x00044a80	1
adr_weapon_	0x000202dc	1
adrnew_ems_	0x00038d10	1
adrnew_vram_	0x00038e54	1
adrold_ems_	0x00038d58	1
advance_	0x00046aa0	1
allocSaveObj_	0x0003a4a0	1
alt0	0x000026b7	1
alt1	0x000026ba	1
analog_color	0x00077d6c	1
angles_2_matrix	0x0005bbe1	1
animobj_class_data_	0x00023be0	1
animobj_load_	0x00023bc0	1
ank_input_	0x000506e8	1
anm_cycle_	0x00030644	1
anm_sound_	0x00030e90	1
anm_sound_callback_	0x00030e88	1
anti_magic_p_	0x000484a8	1
arc_read_tables_	0x00023bfc	1
arc_write_tables_	0x00023cac	1
arena_opponent_runs_	0x0002fae4	1
arena_player_runs_	0x00036508	1
armor_val_	0x00043634	1
arrow2	0x000720d4	1
asc	0x000687b0	1
asm_texture_map_from_draw_poly	0x00057739	1
aspect	0x00077d46	1
aspectx	0x00076282	1
aspecty	0x00076284	1
aspectz	0x00076286	1
assess_value_	0x0002a5e0	1
atan2	0x000589f2	1
atoi_	0x0005fd07	1
attach_eye_	0x00044848	1
automap_area_	0x000248f0	1
automap_scr_	0x00025d90	1
bab_free_	0x00026154	1
bab_fun_	0x00027ac4	1
bab_get_globals_	0x000263ac	1
bab_malloc_	0x000260d4	1
bab_put_globals_	0x00026458	1
bab_realloc_	0x000261e0	1
bab_var_	0x00027b08	1
bab_var_clear_	0x00027c04	1
bab_var_out_	0x00027b94	1
babl_hack_	0x00027d2c	1
babl_run_	0x00026ecc	1
babl_setmem_	0x00027a9c	1
back	0x00099f70	1
back_to_space_	0x00018d78	1
backfire_	0x00048934	1
background_color	0x00077d35	1
barrel	0x0006ee62	1
barter_init_	0x000290d8	1
beam	0x00071d32	1
bed	0x0006d5b2	1
beeline_	0x00004884	1
bench	0x00070118	1
better_mouse_release_	0x0003f670	1
biasx	0x00076274	1
biasy	0x00076278	1
big_speech_play_	0x0002ffc0	1
bios_caller	0x0000ff60	1
bit_mask	0x000974e2	1
black_gem_rotate_	0x00035e70	1
black_gem_trip_	0x00035d00	1
blit_panel_to_main_	0x0003fe64	1
bltfromdrive_	0x0004f4b4	1
blttodrive_	0x0004f460	1
bm_number_0	0x0006c010	1
bm_number_6	0x0006c04c	1
bmap_blk_ptr	0x00082138	1
bmapseg0	0x0008a43a	1
bmcolor	0x00082133	1
bottom	0x00099c3c	1
bounce_obj_	0x000171bc	1
bounce_that_guy_	0x000192dc	1
box	0x0005d698	1
box_	0x0005cb7d	1
box_si	0x0005d68d	1
browse_chain_	0x0002adc0	1
browse_hide_	0x0002adc0	1
browse_redisplay_	0x0002adc0	1
browse_show_	0x0002adc0	1
buf_ptr	0x00097b72	1
build_corpse_	0x000029e0	1
build_grid_	0x0001b1fc	1
build_lptab_	0x0003046c	1
build_new_obj_	0x00048a04	1
build_sort_	0x0001dbb0	1
build_xor_table_	0x0004f500	1
busywaiting_new_options_	0x0003f6d8	1
button	0x000689e0	1
bwidth	0x00097b3e	1
bye	0x000515a9	1
byte_compiler	0x00051eef	1
bytefont	0x00097cca	1
bytefont_info_ends_here	0x00098d4a	1
cAtan2_	0x000538c5	1
cDimFB_	0x00052cbf	1
cFBtoScreen_	0x00052d45	1
cFillFB_	0x000537d5	1
cFrmtoRaw_	0x000538ed	1
cFstSinCos_	0x0005389d	1
cInit3d_	0x0005387c	1
cLiteFB_	0x00052ce7	1
cPlaceFB_	0x000537df	1
cRender_	0x000537fa	1
cSinCos_	0x000538af	1
cSqRt_	0x000538d5	1
cZoom_	0x000537c8	1
c_x	0x0009752c	1
c_y	0x0009752e	1
c_z	0x00097530	1
cache_timbre_header_	0x0000dd38	1
call_driver	0x0000fe2e	1
call_out_the_guards_	0x000344a0	1
call_real	0x0005168c	1
calloc_	0x0005fcd9	1
camera_vehicle	0x00097b98	1
cameras_fade_	0x00038a18	1
can_daku_	0x000505d0	1
can_place_	0x00015e14	1
caps	0x000026bc	1
cast_	0x000484b8	1
cast_trap_spell_	0x0004e4d8	1
cdist	0x0006c168	1
chair	0x0006f99e	1
changeDoor_	0x00041588	1
change_GrSq_	0x0000add8	1
change_critter_goal_	0x0002e930	1
change_music_maybe_	0x0000f36c	1
change_or_inc_seq_	0x00005ef8	1
change_screen_	0x00036fe0	1
change_sprite_	0x0000f955	1
change_terrain_	0x00033210	1
change_weapon_playerbest_	0x00035448	1
char_prop	0x0005ce5a	1
charge_object_	0x0004a4dc	1
chargeable_	0x0004a3d4	1
chdir_	0x0005f03d	1
checkLock_	0x00021cb8	1
checkMouse_	0x0000c1e8	1
checkSpell_	0x00021e78	1
checkTrap_	0x00021f44	1
check_Guardian_magic_marker_	0x0004b74c	1
check_alert_	0x0004e7e0	1
check_ammo_	0x000118b0	1
check_arc_	0x000246d0	1
check_around_	0x00013144	1
check_dirs_	0x0004f3a4	1
check_door_	0x00023990	1
check_fds_	0x0004f3d0	1
check_flat	0x00053ef8	1
check_for_hostile_creature_	0x0002ef28	1
check_for_sunken_moongate_	0x0004efac	1
check_fraznium_	0x000355ac	1
check_homing_	0x00002d64	1
check_inv_quality_	0x0002de8c	1
check_out_player_	0x000077c4	1
check_physics_	0x0001e8b0	1
check_positions_	0x00019e60	1
check_pplate_	0x0004e9d8	1
check_res_	0x000129b8	1
check_rest_	0x000403e4	1
check_sat_	0x000030b4	1
check_save_	0x000403b0	1
check_weight_	0x00016d60	1
chest	0x0006f2f8	1
chg_plyp_	0x00044a58	1
chg_plys_	0x00044a00	1
chkTenacious_	0x00016448	1
clear_all_loretries_	0x000349a4	1
clear_dir_	0x00045ac4	1
clear_dynamics_	0x000212d4	1
clear_fbuf	0x00052c3c	1
clear_fight_state_	0x00011c84	1
clear_gamedisp_	0x000403a4	1
clear_gameinp_	0x00040324	1
clear_loretry_	0x00034938	1
clear_objsort_	0x0001deac	1
clear_owner_	0x0002f8c4	1
clear_paths_	0x0002f650	1
clear_runes_	0x0003a814	1
clear_shelf_	0x0003a8d0	1
clear_window	0x0005d77c	1
clear_window_	0x0005cb69	1
clearobj_	0x00036fc4	1
cline	0x0005d48b	1
cline_	0x0005cb9d	1
cline_si	0x0005d47c	1
clip_bot	0x0005ae2d	1
clip_circle_	0x00049c54	1
clip_left	0x0005b12a	1
clip_needed	0x000594ef	1
clip_overflow	0x0005ac39	1
clip_rect	0x0005d713	1
clip_right	0x0005afaf	1
clip_top	0x0005acb6	1
clip_vertex_x_neg_z	0x000581d0	1
clip_vertex_x_z	0x000582c4	1
clip_vertex_y_neg_z	0x00058248	1
clip_vertex_y_z	0x0005833a	1
close_	0x0005f008	1
close_arc_	0x00023fa0	1
close_to_square_	0x000051c4	1
code_pnt	0x00054843	1
codes_and	0x00076263	1
codes_or	0x00076262	1
colorScreen	0x0005181d	1
color_a_b	0x0006388e	1
color_pixel_xfer	0x00051ec1	1
compress_	0x0004fc80	1
compute_hitangle_	0x00011770	1
compute_lighting_value	0x000578d2	1
compute_min_max_y	0x00056942	1
compute_square_root_32	0x0005792f	1
compute_trz_or_try_rather_	0x00007f1c	1
concave	0x0005dc64	1
concave_shclip	0x0005d83f	1
confirm_menu_	0x00050c38	1
congratulations_	0x000472c8	1
constrain_movement_	0x00007c9c	1
conv_anmpal_	0x0003060c	1
conv_check_inv_	0x0002d82c	1
conv_comobj_	0x000029b8	1
conv_find_inv_	0x0002dc98	1
conv_give_inv_	0x0002da5c	1
conv_inv_create_	0x0002dcd8	1
conv_inv_delete_	0x0002dc88	1
conv_inv_name_	0x0002dce8	1
conv_inv_special_	0x00029558	1
conv_play_menu_	0x0002d538	1
conv_print_	0x0002d6fc	1
conv_take_inv_	0x0002dcb8	1
conv_take_inv_id_	0x0002dcc8	1
converse_event_loop_	0x0002d0f8	1
convert_string_	0x00026994	1
copy_dir_	0x00045c24	1
copy_file_	0x00045b30	1
copy_hidden_to_visible_	0x0005d5c8	1
copy_ofs	0x00081eb0	1
copy_rectangle_	0x0003fde4	1
copy_uvline	0x0005dbdc	1
copy_visible_to_hidden_	0x0005d590	1
copy_ylr	0x0005db6c	1
copyfiles_	0x000510b8	1
count	0x00099f64	1
count_arc_	0x00024734	1
count_inv_	0x0002de48	1
count_list_	0x00016f18	1
courtyard_hacking_	0x00034c74	1
cpgFname	0x00068a14	1
creat_spell_	0x0004ab08	1
create_matrix	0x0005bab0	1
create_player_	0x0002c6d8	1
create_sprite_	0x0000f8c4	1
creature_class_data_	0x0002e094	1
creature_init_	0x0002e074	1
creature_obj_init_	0x0002e0dc	1
crit_attack_	0x00006924	1
crit_avoid_player_	0x00007554	1
crit_defense_	0x000070c8	1
crit_die_	0x000093c4	1
crit_drunkwalk_	0x00005fb4	1
crit_flee_	0x000071c8	1
crit_guard_	0x000064fc	1
crit_head_for_loc_	0x00005608	1
crit_hndlr_fly_	0x000036f8	1
crit_hndlr_obj_	0x000036f4	1
crit_hndlr_swim_	0x0000375c	1
crit_hndlr_walk_	0x00003514	1
crit_hover_	0x00007898	1
crit_magik_attack_	0x00006e64	1
crit_mill_	0x0000641c	1
crit_missile_attack_	0x00006fd0	1
crit_offense_	0x000066d8	1
crit_offense_find_target_	0x00006c3c	1
crit_talk_	0x00007660	1
critter_ai_	0x00008174	1
critter_attack_	0x00012368	1
critter_discard_goal_	0x0000930c	1
critter_fire_	0x00014274	1
critter_get_told_	0x0002f68c	1
critter_mv_	0x0000895c	1
critter_set_goal_	0x00009298	1
crystal_ball_	0x00044930	1
cs_check_	0x00047b3c	1
ctdn	0x00097546	1
ctrl0	0x000026b8	1
ctrl1	0x000026bb	1
current_view	0x00076dc2	1
cutoff_cutscene_speech_	0x00030404	1
cuts_do_fadein_	0x000307bc	1
cuts_do_fadeout_	0x00030818	1
cuts_draw_text_	0x0003102c	1
cuts_init_info_	0x00030ec4	1
cuts_make_fname_	0x00030f40	1
cuts_perform_fadein_	0x000306e8	1
cuts_perform_fadeout_	0x00030768	1
cuts_process_anm_	0x00031904	1
cuts_process_lp_	0x00031514	1
cuts_process_opcodes_	0x00031180	1
cuts_run_pause_	0x00031110	1
cutsop_clang_	0x00030994	1
cutsop_data_	0x00030a68	1
cutsop_end_	0x00030a30	1
cutsop_erase_	0x0003098c	1
cutsop_fadein_	0x00030b84	1
cutsop_fadeout_	0x00030b54	1
cutsop_focus_	0x00030dfc	1
cutsop_func_	0x00030998	1
cutsop_jump_	0x00030bb4	1
cutsop_lback_	0x00030e34	1
cutsop_loop_	0x00030a3c	1
cutsop_music_	0x000308b8	1
cutsop_next_	0x00030a28	1
cutsop_palfade_	0x00030c5c	1
cutsop_palrange_	0x00030c00	1
cutsop_palset_	0x00030d10	1
cutsop_palsimplefade_	0x00030d18	1
cutsop_pan_	0x00030e4c	1
cutsop_pause_	0x000309a0	1
cutsop_punt_	0x00030be4	1
cutsop_say_	0x00030af0	1
cutsop_skip_	0x000309f8	1
cutsop_splity_	0x00030898	1
cutsop_test_	0x000306e0	1
cutsop_txt_	0x000308d4	1
cutsop_vscreen_	0x00030da4	1
cutsop_wait_	0x000309c4	1
cutsop_wait_for_sound_	0x000306b4	1
cycle_colors_	0x00010724	1
cycle_floor_	0x000350f0	1
damage_critter_	0x00009470	1
damage_item_	0x00012a44	1
damage_object_	0x00012ab8	1
damage_square_	0x00049f00	1
data_fopen_	0x0004f6c4	1
data_ptr	0x00063aa4	1
dbase_base	0x00076264	1
dbase_data	0x0006c178	1
dbase_entry	0x00072650	1
deal_with_button_	0x0003fc64	1
deal_with_icons_	0x00013c7c	1
death_check_	0x00033c50	1
debris_type_	0x00012968	1
debug_write_color	0x00076461	1
decode_ark_	0x00023dfc	1
decode_obj_spell_	0x000220b4	1
decompress_	0x0004feb7	1
decvec_	0x0001a6fc	1
default_16_palette	0x00077d6e	1
default_zoom	0x00007ed2	0
defineMouseRegion_	0x0000bf9c	1
delete_trap_	0x0004de40	1
delta_x	0x00097514	1
delta_y	0x00097518	1
delta_z	0x0009751c	1
deltatotheta_	0x000054c0	1
demous_player_	0x000444d0	1
desired_height	0x0006b760	1
desired_width	0x0006b762	1
desired_x	0x0006b75c	1
desired_y	0x0006b75e	1
destroy_bridge_	0x0004ef04	1
destroy_floatskull_	0x00035860	1
destroy_sprite_	0x0000f929	1
detail_group_fun_	0x0003fb30	1
detail_set_opt_	0x0003f968	1
detail_setting_message_	0x0003fb54	1
dframe	0x00071b22	1
did_draw	0x000768f0	1
digi_fx_play_	0x0000cfc4	1
dir_exist_	0x0004f380	1
disk_to_vid_	0x00045f78	1
dispatch_key_	0x0000b5fc	1
dispel_spell_	0x0003ee28	1
displayEnc_	0x0003d130	1
displayInventoryArray_	0x0003cf84	1
display_bytes	0x00077d3a	1
display_scr_	0x00012c20	1
display_screen_	0x00045f38	1
dith_ok	0x00052f3d	1
dith_vsy_done	0x00052f68	1
dither_4x4	0x00063ed0	1
divide_overflow_handler	0x000576b5	1
do_2dbounce_	0x00019264	1
do_2dclip_	0x0001b2b0	1
do_3d_clip	0x0005ac3d	1
do_3d_grab_	0x0001a2d4	1
do_3d_pickup_	0x0001b5ec	1
do_3d_view_	0x00037394	1
do_addres	0x0005a68d	1
do_animate_b	0x00059a2c	1
do_animate_h	0x00059a33	1
do_animate_p	0x00059a25	1
do_animobj_	0x000231bc	1
do_asmcal	0x00059649	1
do_attack_	0x000117cc	1
do_babl_teleport_	0x00028310	1
do_backward_	0x00050464	1
do_bcompact_map	0x0005317c	1
do_bcompact_tmap	0x0005318d	1
do_bcompact_wtmap	0x00053199	1
do_cavesurf	0x0005a292	1
do_change_grokking_	0x00033510	1
do_changes_	0x0000b694	1
do_closure	0x0005944a	1
do_cntres	0x000590b9	1
do_compact_map	0x000530c5	1
do_compact_tmap	0x000530d7	1
do_compact_wtmap	0x000530e3	1
do_crit_phys_	0x000037e0	1
do_ctxt_gmap	0x0005300c	1
do_ctxt_gtmap	0x00052ffa	1
do_damage_	0x00011208	1
do_decline_	0x0002a3fc	1
do_defdelta	0x0005a643	1
do_defres	0x0005901d	1
do_defresg	0x00059011	1
do_demand_	0x0002a150	1
do_door_	0x0001d444	1
do_dreamret_	0x00047dc4	1
do_eof	0x00058a33	1
do_escape_key_	0x0002cd54	1
do_fbuf_bms_	0x00020d40	1
do_fetchmap	0x000518b2	1
do_filanium_	0x00017eb4	1
do_filled_dither	0x00052f24	1
do_gem_	0x00047be4	1
do_goursurf	0x0005a1be	1
do_goursurfv	0x0005a1af	1
do_graffiti_	0x000351cc	1
do_gtmap	0x0005302b	1
do_gtri	0x0005301e	1
do_gwtmap	0x00053037	1
do_hull	0x000598e7	1
do_ibcall	0x0005a860	1
do_ibcall_ind	0x0005a852	1
do_ice_hack_	0x0004ecfc	1
do_ifge	0x0005967f	1
do_ifle	0x000596a5	1
do_ihcall	0x0005a769	1
do_ihcall_ind	0x0005a759	1
do_ijmp	0x0005a5f2	1
do_ijmp_i	0x0005a606	1
do_int2	0x00058a24	1
do_intro_scene_	0x00044ae4	1
do_ipcall	0x0005a957	1
do_ipcall_ind	0x0005a949	1
do_jnorm	0x0005abde	1
do_jnorm_x0	0x0005aa9d	1
do_jnorm_xy0	0x0005abb7	1
do_jnorm_xz0	0x0005ab90	1
do_jnorm_y0	0x0005aae1	1
do_jnorm_yz0	0x0005ab69	1
do_jnorm_z0	0x0005ab25	1
do_journey_	0x0004530c	1
do_judgement_	0x0002a404	1
do_keyarray_input_	0x0000be68	1
do_keyboard_input_	0x0000bed4	1
do_level_hacks_	0x00045d70	1
do_lnres	0x00058a8a	1
do_main_scroll_	0x0002254c	1
do_math_op_	0x0004c670	1
do_migrations_	0x00046198	1
do_minimulti	0x00058f41	1
do_minires	0x00059053	1
do_miss_	0x00011658	1
do_mods_	0x0003d4e4	1
do_mouse_input_	0x0000be10	1
do_mouseq	0x00051c45	1
do_move_odata	0x00058eca	1
do_movec	0x00058e8b	1
do_movei	0x00058e5f	1
do_movel	0x00053926	1
do_movem	0x00058ea7	1
do_movex	0x0005390f	1
do_movres	0x00059bc0	1
do_mstone_	0x00047e1c	1
do_multires	0x00058eea	1
do_musicsound_opt_	0x0003faa0	1
do_npc_scroll_	0x00022568	1
do_obj	0x0005c0d3	1
do_obj_	0x0001c600	1
do_objhit_	0x000173a4	1
do_objsort_	0x0001dedc	1
do_of_	0x0003d5b0	1
do_offer_	0x00029fa4	1
do_option_shortcut_	0x0000b8d4	1
do_org	0x00059887	1
do_pan_	0x00030830	1
do_panel_frame_	0x00020c2c	1
do_parapiped	0x0005b2ab	1
do_partition_	0x0001dbc8	1
do_physics_	0x00018564	1
do_play_scroll_	0x00022584	1
do_player_input_	0x0000aab8	1
do_player_keyboard_	0x0001e6a4	1
do_pntres	0x00058a34	1
do_polyres	0x000593f0	1
do_popc	0x0005aa6f	1
do_pushc	0x0005aa46	1
do_putpat	0x0005a316	1
do_qbert_	0x00035f20	1
do_rect_	0x0001cbd8	1
do_repair_	0x00034698	1
do_rod	0x000590f3	1
do_rorg	0x0005a616	1
do_saverest_opt_	0x0003fa20	1
do_scalebm	0x0005338b	1
do_set_gmap_ctxt	0x00052fd8	1
do_set_tmctxt	0x00052fb8	1
do_setbmcol	0x00051c30	1
do_setcolor	0x0005a174	1
do_setcolv	0x0005a19c	1
do_setpat	0x0005a2b3	1
do_setshade	0x00058f99	1
do_settings_	0x0000f5e4	1
do_settmobj	0x000518f5	1
do_sfcal	0x00059659	1
do_sfx_	0x00033b5c	1
do_sortnorm	0x00059756	1
do_sortnorm_x0	0x000597df	1
do_sortnorm_y0	0x00059815	1
do_sortnorm_z0	0x0005984e	1
do_sortvar	0x000596cb	1
do_spell_	0x00048550	1
do_strres	0x00059082	1
do_subres	0x0005a6f3	1
do_teleport_	0x00032d08	1
do_that_jump_kinda_thing_	0x00005344	1
do_tmap	0x0005324f	1
do_tmap_tri	0x00053232	1
do_trans_dither	0x00052f6d	1
do_transsurf	0x0005a23c	1
do_trap_hack_	0x0004dfc8	1
do_update_	0x0003147c	1
do_usepat	0x0005a49e	1
do_uwcolv	0x00051c5c	1
do_uwcrit	0x000519bb	1
do_uwobj	0x00051942	1
do_uwsetup	0x0005552d	1
do_uwshade	0x00058fc5	1
do_uwsurf	0x0005a1f0	1
do_vexsurf	0x0005a271	1
do_weapload_	0x00020354	1
do_wtmap	0x00053243	1
do_x_rel	0x00059c79	1
do_xy_rel	0x00059ea4	1
do_xz_rel	0x00059dfe	1
do_y_rel	0x000599a9	1
do_yz_rel	0x00059f4a	1
do_z_rel	0x00059d82	1
do_zbounce_	0x00019350	1
does_npc_like_	0x0002ac5c	1
done_clipping_here	0x0005b2ab	1
donothing_opt_	0x0003f950	1
dont_create_wandering_monster_here_	0x0004e7b0	1
door	0x00070534	1
door_part_	0x0001dd1c	1
draw3dMouse_	0x0000c800	1
drawMouse_	0x0000c798	1
draw_button_	0x0003fd98	1
draw_conv_edges_	0x00022610	1
draw_edges_	0x000225a0	1
draw_into_buffer_	0x00031474	1
draw_mask_	0x0000f9b9	1
draw_poly_buf_ptr	0x00059465	1
draw_rsd_	0x00031304	1
draw_scroll_	0x00022cb8	1
draw_solid_tmap	0x00053304	1
draw_sprite_	0x0000f98f	1
draw_start_buttons_	0x00044b1c	1
draw_ylrpp	0x0005ca90	1
draw_ylrpp_x	0x0005ca9b	1
drawopt_	0x0002b3e4	1
dream_	0x00047338	1
driver_view	0x00076d98	1
drop_around_place_	0x000161a8	1
drop_drunk_player_	0x0004748c	1
drop_link_chain_	0x0004bdd4	1
drop_some_objects_	0x0004bfa8	1
dropshadow_color	0x00077d30	1
duration_check_	0x0003ef84	1
dx1	0x000974fc	1
dx2	0x00097508	1
dy1	0x00097500	1
dy2	0x0009750c	1
dz1	0x00097504	1
dz2	0x00097510	1
editchng_	0x0000b728	1
editexit_	0x00036fb8	1
ega	0x00077d38	1
eight_pos_switch_	0x00033a2c	1
eligible_castle_monster_	0x0004ef80	1
enc_n_chk_	0x0001a728	1
end_barter_	0x00029314	1
end_draw	0x000587a5	1
end_points_ptr	0x00097b3a	1
end_wmapbm	0x00055aff	1
eof_	0x0005efd5	1
erase_kmode_	0x000422dc	1
erase_sprite_	0x0000f9e3	1
errmsg_	0x0004f364	1
error_code_	0x0003807c	1
errorexit	0x0005159a	1
establish_view_	0x0001a398	1
ev_attitude_	0x00037eec	1
ev_change_goal_	0x000376f8	1
ev_checkvar_	0x00037f24	1
ev_donothing_	0x000376e0	1
ev_door_hack_	0x00037ea0	1
ev_freeze_hack_	0x00037e14	1
ev_garg_hack_	0x00037c94	1
ev_gotha_hack_	0x00037c0c	1
ev_hack_	0x00037eb0	1
ev_kill_	0x000379f4	1
ev_nystul_hack_	0x00037b5c	1
ev_remove_	0x00037a2c	1
ev_set_qbit_	0x00037a64	1
ev_soldier_hack_	0x00037dd8	1
ev_teleport_	0x00037944	1
ev_trapvar_	0x00037fd0	1
ev_trigger_	0x00037ab0	1
even_color	0x00077d60	1
exit	0x000515a9	1
exit_	0x0005fdd4	1
exp_4run	0x0005c37f	1
exp_4str	0x0005c2a8	1
exp_5run	0x0005c3c7	1
exp_8run	0x0005c45b	1
exp_8str	0x0005c288	1
explode_arc_	0x00024730	1
exploding	0x000768a6	1
fadein3d_	0x000389cc	1
fadein_	0x00038818	1
fadeout3d_	0x000389b0	1
fadeout_	0x00038728	1
fail_spell_	0x0003ac44	1
fake_fb_solid_ylr	0x00052d83	1
fast_asin	0x00058974	1
fast_sincos	0x000587eb	1
fbcopy_vylrpp	0x00052df1	1
fbh	0x0006bc89	1
fbshow	0x0005e159	1
fbshow_	0x0005cc10	1
fbuf_draw_ylrpp	0x00052c59	1
fbuf_draw_ylrpp_x	0x00052c8d	1
fbuf_extra_line	0x000890a8	1
fbuf_save_vylr	0x00052dbb	1
fbuf_setcolor	0x00052e2e	1
fbuf_setcolor_	0x0005cc64	1
fbufstart_x	0x0006bc75	1
fbufstart_y	0x0006bc79	1
fbufytab	0x0006bc91	1
fbw	0x0006bc85	1
fbx	0x0006bc7d	1
fby	0x0006bc81	1
fclose_	0x0005fc39	1
fcloseall_	0x00061cec	1
fflush_	0x00061199	1
fgetc_	0x00061076	1
fgets_	0x0005fbdd	1
file_group_fun_	0x0003fbc0	1
filelength_	0x0005ef91	1
fill_FB_	0x000389e8	1
fill_fbuf	0x00052c3e	1
fill_the_grid_	0x0001b04c	1
fill_type	0x00063678	1
filter_	0x000330ec	1
fin_attack_	0x00011c4c	1
find_TK_wand_check_	0x000366f0	1
find_and_gronk_force_field_	0x00035848	1
find_anim_	0x00023914	1
find_barter_	0x0002d898	1
find_barter_total_	0x0002d938	1
find_free_path_	0x00004ff0	1
find_good_x_and_y_	0x00032314	1
find_obj_	0x0003b1a8	1
find_proc	0x0000fdf8	1
find_wall_coll_	0x00010ab0	1
finish_player_	0x0001ea34	1
fire_trigger_at_	0x00035b70	1
fireball_effect_	0x00023560	1
first_punt_	0x00038128	1
fix_name_string_	0x000213dc	1
fizix_update_	0x0000ac88	1
flask_info_	0x0004011c	1
flat_bridge	0x00070454	1
flat_move_	0x00018e40	1
flat_rod	0x0005928e	1
flat_x_rel	0x00059beb	1
flat_xy_rel	0x0005a07e	1
flat_xz_rel	0x00059ff0	1
flat_y_rel	0x00059928	1
flat_yz_rel	0x0005a0f9	1
flat_z_rel	0x00059cf5	1
flip_bool_	0x0004f018	1
flip_switch_	0x00021c28	1
fliptime	0x0007690c	1
flog_list_	0x00016e84	1
flood_path_	0x0000430c	1
flushall_	0x00061864	1
font_height	0x000992ca	1
font_width_in_bytes	0x000992cc	1
font_width_in_pixels	0x000992ce	1
fopen_	0x0005fb9a	1
force_mouse_cursor_	0x0000c090	1
foreground_color	0x00077d34	1
forw	0x00099f6c	1
forward_up	0x00096540	1
foundfreepage	0x00051ac8	1
fputc_	0x00060f65	1
frame	0x0006ff9e	1
frame_buffer_end	0x0008917a	1
fread_	0x0005f897	1
free_	0x0005e4ee	1
free_browse_	0x0002adb4	1
free_converse_	0x0002cce0	1
free_critter_	0x00016b3c	1
free_cuts_ems_	0x00030468	1
free_demscr_	0x00037148	1
free_dfx_ems_	0x0000ce00	1
free_digi_stuff_	0x0000dacc	1
free_input_	0x0000b274	1
free_mem_	0x00022404	1
free_panelflip_	0x00020b84	1
free_s_mem_	0x0000f1c0	1
free_scrgr_	0x0001f998	1
free_sounds_	0x0000f290	1
free_speech_stuff_	0x0000f7b0	1
free_strings_	0x000210f4	1
free_timers_	0x0000f194	1
free_txtscr_	0x0004c3d0	1
free_world_	0x00036e94	1
freopen_	0x0005fbb5	1
frfract	0x000768a4	1
frmcnt	0x00096522	1
frp_check_	0x00010f98	1
fseek_	0x0005f71e	1
fstat_	0x0005eeb8	1
ftell_	0x0005f6eb	1
full_move_	0x000197e0	1
fwrite_	0x0005f560	1
fx_available_	0x0000e308	1
fx_is_on_	0x0000e2f0	1
fx_play_	0x0000ece8	1
game_group_fun_	0x0003fb28	1
game_sprint_	0x0002141c	1
game_stats_	0x00046dc0	1
game_strings_3_	0x0002142c	1
gametime_	0x00051814	1
gate	0x0007200e	1
gem	0x0006ddb4	1
gen_char_	0x0002be6c	1
generate_equipment_	0x0004c270	1
generate_food_	0x0004c108	1
generate_inventory_	0x0004c350	1
generate_treasure_	0x0004bfc8	1
generate_weapons_	0x0004c164	1
genocide_	0x000359bc	1
getPlayerInvCopy_	0x0003a628	1
getSaveObj_	0x0003a4c0	1
get_animlen_	0x00023960	1
get_arc_	0x00024600	1
get_buttonreg_button_	0x0003fcf0	1
get_class_data_	0x0003edf4	1
get_current_music_	0x0000e2d4	1
get_cuts_ems_	0x00030424	1
get_dist	0x0005c08d	1
get_eye_	0x0001f234	1
get_home_tile_	0x0001582c	1
get_hp_back_	0x000488a4	1
get_iconreg_button_	0x0000b794	1
get_input_	0x0000bf3c	1
get_left	0x00058790	1
get_name_	0x0002134c	1
get_numbered_variable_	0x0004c840	1
get_pals_	0x00038a74	1
get_pcoll_	0x00019a48	1
get_phys_data_	0x000175cc	1
get_quest_	0x00028954	1
get_rep_diff_	0x0003461c	1
get_right	0x00058790	1
get_save_descs_	0x0004564c	1
get_skill_	0x00046bcc	1
get_string_	0x00021100	1
get_terrain_	0x0000343c	1
get_theta_	0x0004f324	1
get_token_	0x00031260	1
get_ulong_	0x00023d80	1
get_wfr_	0x00020cfc	1
get_wleft	0x00055629	1
get_workspace_	0x00022474	1
get_wright	0x0005554c	1
getche_	0x00061845	1
getcwd_	0x0005ee2e	1
getenv_	0x00061d2d	1
getmem_	0x00027a88	1
getmem_addr_	0x00027a74	1
give_all_stuff_	0x0002ad58	1
give_ptr_npc_	0x0002db3c	1
global_floor_or_ceiling_flag	0x0007647d	1
global_vertical_scan_flag	0x0007647c	1
gmtime_	0x00061c6a	1
go_fish_	0x0003380c	1
go_into_dying_sequence_	0x00009378	1
go_vend_	0x000368dc	1
go_void_	0x00047efc	1
gobble_input_events_	0x00030fb0	1
going_in	0x00099f78	1
gouraud_base_col	0x0006bc74	1
gouraud_color_base	0x00097b6c	1
gr_entry_	0x000535bc	1
gr_freelab_	0x00053784	1
gr_getlab_	0x000536bc	1
gr_getpre_	0x0005369c	1
gr_putlab_	0x000536d4	1
gr_tostrt_	0x000535cc	1
grab_	0x0000f7b4	1
graceful_exit_	0x00036fac	1
grant_skill_advance_	0x00046cdc	1
grave	0x00071ef0	1
grdb_blank_	0x000534f0	1
grdb_elem_	0x0001bed0	1
grdb_size_	0x000535a4	1
grfx_clear_	0x00038624	1
grfx_close_	0x0003861c	1
grfx_init_	0x00038494	1
grfx_load_font_	0x00038584	1
grfx_palrange_	0x000386f4	1
grfx_quikfont_	0x000385e4	1
grfx_quikpal_	0x000386b0	1
grfx_setpal_	0x000386d0	1
grid_move_	0x00019954	1
gronk_all_critters_	0x00037620	1
gronk_area_	0x000496ac	1
gronk_critid_	0x00037680	1
gronk_door_	0x00028a58	1
gronk_gr_	0x00038ecc	1
gronk_race_	0x000375a4	1
gronk_whoami_	0x00049788	1
gronkify_attitude_	0x00037ec0	1
gronkify_change_goal_	0x000376e4	1
gronkify_find_	0x00036b5c	1
gronkify_garg_	0x00037c44	1
gronkify_gotha_	0x00037b94	1
gronkify_nystul_	0x00037b28	1
gronkify_remove_	0x0003797c	1
gronkify_slay_	0x000379b8	1
gronkify_soldier_	0x00037ccc	1
gronkify_teleport_	0x00037808	1
grs_fbplot_	0x0000b054	1
grs_plot_	0x0000afa4	1
grs_scaledown_	0x0000b178	1
grs_unpack_	0x0000b02c	1
grs_which1_	0x0000b0b0	1
gruesome_door_hack_	0x00045cfc	1
hack_class_data_	0x00039400	1
hack_init_	0x000393a0	1
head_view	0x0005bb0f	1
headv_x	0x000974f4	1
headv_z	0x000974f6	1
healing_	0x000488f8	1
hgt_change_	0x0000af48	1
hit_critter_goal_	0x00048ce0	1
hline	0x0005d7ed	1
hline_	0x0005cb15	1
hold_scrgr_	0x0001f97c	1
home_cam_	0x000445d0	1
hook_timer_process	0x0000ff61	1
hostile_creatures_near_	0x0002ef78	1
hyp_move_	0x00003874	1
hyp_see_	0x000040fc	1
in3d_	0x00038928	1
in_arena_	0x000345b8	1
in_scalebm	0x0005339b	1
inanimate_spell_	0x000337d0	1
incvec_	0x0001a6d0	1
init	0x00051564	1
init_3d_	0x0001a22c	1
init_DDA_arrays	0x0000ff26	1
init_ai_	0x00003348	1
init_babl_	0x000262d8	1
init_browse_	0x0002adb4	1
init_char_	0x0002adc4	1
init_colors_	0x0005caf6	1
init_combinables_	0x0002c6f4	1
init_cutscene_	0x00031e74	1
init_debug_	0x00032290	1
init_digi_fx_	0x0000cce8	1
init_edit_	0x00036f20	1
init_font_	0x0005cda3	1
init_fx_	0x0000ec74	1
init_gamedisp_	0x0004035c	1
init_graphics_	0x0005da84	1
init_grid_	0x0001a5d4	1
init_input_	0x0000b20c	1
init_level_creature_stuff_	0x0002f678	1
init_lighting_	0x00046840	1
init_mem_	0x000223f0	1
init_mouse_	0x0000b9c8	1
init_objects_	0x0003ecdc	1
init_panelflip_	0x00020aa8	1
init_player_	0x00043c60	1
init_player_structure_	0x00043b38	1
init_save_	0x00045498	1
init_scrgr_	0x0001f800	1
init_scroll_	0x00042018	1
init_sounds_	0x0000db70	1
init_speech_	0x0000f634	1
init_spells_	0x000430a4	1
init_strings_	0x00021088	1
init_this_critter_	0x0002e0e8	1
init_timbres_	0x0000ded4	1
init_timers_	0x0000dae4	1
init_txtlib_	0x00042c3c	1
init_vectors	0x000515e2	1
init_voc_playback_	0x0000e2fc	1
init_world_	0x00036d90	1
initjoy	0x0005182c	1
initmouse	0x00051390	1
initvideo	0x00051804	1
inners	0x00051f77	1
inners1	0x00051f43	1
input_addmouse_	0x0000b2a0	1
input_del_	0x0000b3ac	1
input_dispatch_	0x0000b4e4	1
insert_ank_	0x00050530	1
insert_kana_	0x0005051c	1
insert_kanji_	0x000504bc	1
install_	0x000512a4	1
install_buttongroup_	0x0003fd44	1
install_cd_	0x00050ca8	1
install_error_	0x00050ff0	1
install_timbre_	0x0000dfb0	1
install_timebased_task_	0x00031fe8	1
installkey	0x00051541	1
instance_bank	0x00054684	1
instance_head	0x00054272	1
instance_pitch	0x0005447b	1
instance_vvars_bank	0x0005463a	1
instance_vvars_head	0x00054228	1
instance_vvars_pitch	0x00054431	1
instant_kill_	0x00035a30	1
invRemoveObject_	0x0003b2f8	1
inv_look_	0x00013a04	1
iprint_	0x00050b38	1
is_flat	0x00053f9d	1
is_my_race_	0x00035b0c	1
is_really_button_	0x0003f644	1
is_sharp_	0x00010f38	1
is_this_wandering_	0x0004e778	1
isatty_	0x00060421	1
itoa_	0x0005f543	1
jbuttons	0x0005182c	1
jgame_stuff_	0x000471c4	1
jiggle_weapon_	0x00020594	1
jname_input_	0x0002ba80	1
joymask	0x00068a02	1
joystick	0x0005182c	1
joystickinit	0x000689d8	1
jstring_to_screen_	0x0005cc76	1
jstrlwr_	0x0005014f	1
kana_input_	0x00050618	1
kanaconv_	0x00050184	1
kconv_	0x00050338	1
key	0x000514ac	1
key_	0x000514ac	1
key_mode_	0x0005017c	1
keyarray	0x0000260a	1
keyboard_interrupt	0x00002408	1
keyboard_mouse_	0x0000c8f4	1
keyboard_reset	0x000025c0	1
keyboard_setup	0x0000259d	1
kill_all_digi_effects_	0x0000e974	1
kill_all_effects_	0x0000e89c	1
kill_effect_	0x0000e7c4	1
kill_plants_	0x00034b40	1
kill_triggers_	0x0004dd7c	1
kk_conv_	0x00050a1c	1
knjchr_	0x000500fc	1
knjrchr_	0x000500d4	1
knjstrupr_	0x00050124	1
kq	0x000026be	1
kqe	0x0000273e	1
labs_	0x0005f4ca	1
lag_view	0x0005bbe0	1
last_pnt_ofs	0x00097b36	1
lastwid	0x0006bfb5	1
lback_vscreen_	0x00032114	1
lclip_bot	0x00058c90	1
lclip_left	0x00058d2b	1
lclip_right	0x00058dc7	1
lclip_top	0x00058bf1	1
lcpg_pghere	0x00051b9a	1
lcpg_swap	0x00051bb5	1
left	0x00099c30	1
left_u	0x00097b54	1
left_u_frac	0x00097b56	1
left_v	0x00097b58	1
left_v_frac	0x00097b5a	1
left_vertex	0x00097b48	1
left_x	0x00097b50	1
left_x_frac	0x00097b52	1
lget_	0x00046700	1
lightabs	0x0006a6b2	1
line_of_sight_	0x00004aa4	1
line_overflow2	0x00058bbd	1
line_reversal	0x00055afa	1
load_all_gr_	0x0003916c	1
load_buttongroup_images_	0x0003fe98	1
load_chrgen_data_	0x0002c3b0	1
load_cpg	0x00051aa1	1
load_dfx_page_	0x0000ce90	1
load_digi_fx_	0x0000cd84	1
load_dl_	0x000439e8	1
load_doors_	0x00039330	1
load_global_timbre_	0x0000ddc8	1
load_gr_ems_	0x00038f8c	1
load_gr_video_	0x000390e0	1
load_inv_pic_	0x0003c024	1
load_inventory_pix_	0x0003ba14	1
load_message_	0x0003fb74	1
load_new_music_	0x0000dff4	1
load_obj_ems_	0x00038fb8	1
load_script_	0x000264f8	1
load_sound_driver_	0x0000e1d0	1
load_tr_ems_	0x00038ff4	1
load_txtmaps_	0x00042de8	1
load_weapcm_	0x00020894	1
load_weapon_	0x00020330	1
load_xlate_rotate_pnt	0x00054085	1
local_do_palette_	0x0000f844	1
local_y_coord	0x0006bfeb	1
look_for_target_	0x00007bb8	1
look_nothing_	0x00013338	1
loop_music_maybe_	0x0000f32c	1
lptrkq	0x0000273e	1
lseek_	0x0005edfc	1
lsqrt	0x000587ff	1
lsqrt32	0x00058944	1
ltoa_	0x0005f4ad	1
lz_filbf_	0x0004f788	1
lz_flsbf_	0x0004f7a4	1
m1	0x0009652a	1
m2	0x0009652c	1
m3	0x0009652e	1
m4	0x00096530	1
m5	0x00096532	1
m6	0x00096534	1
m7	0x00096536	1
m8	0x00096538	1
m9	0x0009653a	1
main_	0x00036d3c	1
mainloop_	0x0000b670	1
makePlayerInvCopy_	0x0003a1f0	1
make_dir_	0x00051004	1
make_noise_	0x0001ebe0	1
make_path_from_flood_data_	0x00004808	1
make_stew_	0x0002c860	1
make_string_	0x00021194	1
make_terrain_unseen_	0x0002603c	1
make_ytable_	0x0002fe50	1
malloc_	0x0005e48b	1
map_bitmap	0x00058790	1
map_loop	0x000559d1	1
map_section_	0x00025d98	1
mapemstable	0x00068a0c	1
mapper_rtn	0x0006c004	1
mask_to_screen_	0x0000b148	1
max_dbase_size	0x00003c00	0
maybe_cast_defensive_spell_	0x00006dd4	1
maybe_cheat_arena_fire_	0x0002f998	1
maybe_flip_a_switch_	0x000356a8	1
maybe_go_hang_out_	0x0002fb28	1
maybe_rescue_guy_from_fire_	0x0002f9bc	1
mbtns_	0x0005143d	1
mbuttons	0x0005143d	1
mdetect_	0x0004afbc	1
mem_cx	0x000979de	1
mem_setup_	0x00022408	1
memcpy_	0x0005f416	1
memset_	0x0005f3f8	1
mendable_	0x0004a9cc	1
merge_angles_	0x00002d1c	1
mini_xlate_rotate_pnt	0x0005404f	1
misc	0x0006c15e	1
misc_class_data_	0x0003ec28	1
misc_init_	0x0003ebd8	1
missile_finish_	0x00011c00	1
missile_fire_	0x00014898	1
missile_newhit_	0x0001728c	1
missile_thwack_	0x00012238	1
mk_lastwid	0x00076488	1
mkdir_	0x0005eddf	1
mktime_	0x00060e0e	1
mm3x9_bpsi	0x00054925	1
mm3x9t	0x00054a00	1
mm9x9	0x000548d0	1
mob_init_	0x00017d90	1
mob_to_static_	0x00017f2c	1
mode	0x00077d4a	1
modify_axis2	0x0005c1e0	1
modify_biasx	0x000594a6	1
modify_biasy	0x000594bb	1
modify_bx2	0x00059523	1
modify_by2	0x0005953f	1
modify_mes	0x00054085	1
modify_mex	0x0005408a	1
modify_mey	0x000540a4	1
modify_mez	0x00054097	1
monoScreen	0x0005181c	1
morpheus_ruin_potion_	0x000365d0	1
mous_3d_hide_	0x0000bb20	1
mous_3d_set_	0x0000bad0	1
mous_3d_show_	0x0000bbf8	1
mous_in_3d_	0x00013894	1
mous_in_3d_p_	0x0000baec	1
mous_in_inv_	0x00013b3c	1
mous_in_panel_	0x00013c34	1
mous_in_rune_	0x0003a900	1
mous_in_stat_	0x0004bc74	1
mous_player_	0x00044348	1
mouse	0x0005140d	1
mouse_	0x000517ed	1
mouse_Qgetxy_	0x0000bc14	1
mouse_btns_	0x0000caac	1
mouse_check_reg_	0x0000c124	1
mouse_clearQ_	0x0000bc48	1
mouse_constrain_	0x0000bdd0	1
mouse_dragged_	0x0000bd4c	1
mouse_freereign_	0x0000bdec	1
mouse_get_input_	0x0000bf88	1
mouse_get_input_sp_	0x0000bf90	1
mouse_getbut_	0x0000bc94	1
mouse_getxy_	0x0000bbfc	1
mouse_hide_	0x0000baac	1
mouse_putxy_	0x0000bc60	1
mouse_release_	0x0000bcbc	1
mouse_show_	0x0000ba94	1
mousedpi	0x00067604	1
mouseon	0x00067606	1
mousopt_	0x0002b898	1
moveDoor_	0x00041528	1
moveMouse_	0x0000c2f8	1
move_along_	0x00022314	1
move_along_path_	0x0000521c	1
move_cam_	0x000446e0	1
move_chrpic_	0x0002c380	1
move_convpic_	0x0002c9f0	1
move_folks_around_	0x00034a9c	1
move_hilite_	0x0003f8fc	1
move_initial_files_	0x00037574	1
move_me_joe_	0x00002b2c	1
move_mobile_	0x00009678	1
move_opbtn_	0x00044a90	1
move_physics_	0x0001e96c	1
move_player_	0x0001ea84	1
move_reload_obj_ems_	0x00038dec	1
move_sprite_	0x0000fa11	1
move_to_next_	0x0001ad1c	1
move_vram_	0x00038ea8	1
move_weapon_	0x00020310	1
movenew_ems_	0x00038d6c	1
movenew_vram_	0x00038e64	1
moveobj_ems_	0x00038d98	1
moveto_	0x00047b80	1
mpos_	0x0004f088	1
mts_doanim_	0x00023720	1
munge_vectors_	0x00009d74	1
music_available_	0x0000e310	1
music_is_on_	0x0000e2dc	1
music_opt_	0x0003fa88	1
music_over_	0x0000f5b4	1
musicsound_group_fun_	0x0003fbec	1
must_clip_3d	0x0005957a	1
mvcheck_	0x000222dc	1
mxmul	0x000540b0	1
nail_1area_	0x0004989c	1
nail_area_	0x000497cc	1
near_mob_put_at_	0x00016138	1
newFPS_	0x0000aca4	1
new_IconSelect_	0x0000b860	1
new_IconUnselect_	0x0000b7ec	1
new_hilit_button_	0x0003fcbc	1
new_player_pos_	0x0003739c	1
newdels_	0x0001ab28	1
newport	0x000723ca	1
newscr_	0x00037020	1
nib_height	0x0006b75a	1
nib_off	0x0006b750	1
nib_seg	0x0006b754	1
nib_width	0x0006b758	1
nib_xlate_table	0x0006b764	1
nitestan	0x0006ea94	1
noGraph	0x000689b8	1
noop_	0x0003e2b0	1
not_a_spell_	0x0003aa74	1
nothing_there_	0x00029f80	1
novideo	0x000689b0	1
npc_barter_	0x000295a0	1
npc_barter_find_	0x0002a8b4	1
npc_barter_give_	0x0002a944	1
npc_barter_give_id_	0x0002aaa4	1
npc_inv_add_	0x0002a750	1
npc_inv_create_	0x0002abbc	1
npc_inv_delete_	0x0002abec	1
npc_likes_dislikes_	0x0002ac34	1
npc_say_	0x0002d61c	1
npc_slot_hit_abs_	0x00029488	1
nwin	0x0006c0c4	1
oCswap_	0x00015c80	1
obj_coll_check_	0x00015838	1
obj_deal_	0x000181d8	1
obj_dist	0x00076906	1
obj_spells_	0x00049904	1
object_base	0x00076268	1
object_list	0x000768a8	1
octant_	0x0004f124	1
odd_color	0x00077d61	1
old_color	0x00077d66	1
old_divide_overflow_handler	0x00076464	1
old_view	0x00076dc6	1
open_	0x0005eb7e	1
open_arc_	0x00023eec	1
ordered_ylr	0x000777de	1
ordered_ylrii	0x00076f64	1
ordered_ylrpp	0x00077e24	1
our_open_	0x0004f708	1
out3d_	0x000388e4	1
outers	0x00051f75	1
outers1	0x00051f41	1
output_ptr	0x00097520	1
overflow	0x000768ee	1
overflow_count	0x00097556	1
overflow_handler	0x00053908	1
overflow_handler_mem	0x00054afe	1
overflow_handler_reg	0x00054ad9	1
overflow_handler_special_bp	0x00054b0a	1
overflow_ptr	0x00076254	1
p_vram	0x00077d68	1
pack_vertices	0x0005c7f5	1
palette_fade_	0x000320b0	1
palette_flag	0x00077d5e	1
panel_check_	0x0004bd94	1
panel_check_hpmp_	0x0002100c	1
parse_aspells_	0x000434b4	1
parse_cpg	0x00051bd2	1
parse_effect_	0x0001eed4	1
parse_player_terr_	0x00009768	1
parse_playin_	0x0001e4a4	1
parse_spells_	0x00043550	1
parse_start_input_	0x0004510c	1
parse_start_mouse_	0x00044f28	1
pass_time_	0x00032cb0	1
pclip	0x00099f74	1
perror	0x0006874c	1
pfatal_	0x000381f0	1
pfatal_code_	0x00038148	1
pfill	0x00077de6	1
phys_affect_player_	0x0000a660	1
phys_bounce_up_	0x0000ac64	1
pic_to_fbuf_	0x0000b13c	1
pic_to_screen_	0x0000b0f0	1
pick_3d_	0x00013200	1
pick_fightmode_	0x00013e64	1
pick_inv_	0x0003b274	1
pick_mode	0x0006c096	1
pick_scroll_	0x000421b8	1
pickloc_	0x000107f0	1
pickopt_	0x0002bc40	1
pickup	0x0006c166	1
pillar1	0x00071e38	1
pix_xfer_rtn	0x0006b740	1
pix_xfer_tab	0x0006b744	1
pixel	0x0005d5da	1
pixel_ratio	0x00076258	1
place_3d_view_	0x0001a0e4	1
place_bridge_	0x0004ee04	1
place_browse_	0x0002adb8	1
place_new_	0x00021a0c	1
place_object_	0x00028620	1
place_pitfighter_	0x00028014	1
play_barter_	0x000293e8	1
play_effect_	0x0000e404	1
play_effect_here_	0x0000e55c	1
play_effect_on_mobile_	0x0000e610	1
play_effect_on_mobile_src_	0x0000e698	1
play_instrument_	0x0000ef6c	1
play_music_	0x0000e228	1
play_respond_	0x0002d66c	1
play_say_	0x0002d6ac	1
play_slot_hit_abs_	0x00029430	1
play_with_switches_	0x000356e0	1
player	0x000768a8	1
player_3dattack_	0x00013840	1
player_3dget_	0x000133ec	1
player_3dlook_	0x000136ac	1
player_3dtalk_	0x00013694	1
player_3duse_	0x000137cc	1
player_affected_by_	0x00043280	1
player_attack_	0x00011cf4	1
player_barter_give_	0x0002a848	1
player_barter_items_	0x0002a6f8	1
player_cast_	0x0003acc0	1
player_compute_	0x00046a0c	1
player_did_bad_	0x000339bc	1
player_eat_	0x00047a14	1
player_fire_	0x00014044	1
player_get_exp_	0x00020ec4	1
player_grabbed_	0x0002f8e4	1
player_is_dead_	0x00048008	1
player_key_sleep_	0x000479dc	1
player_killed_a_	0x000124e4	1
player_look_grave_	0x00020e80	1
player_look_shaft_	0x00020e80	1
player_looking_	0x00037730	1
player_mous_move_	0x0001e448	1
player_newsq_	0x0000aa08	1
player_settr_	0x00013f90	1
player_setup_	0x0000a3bc	1
player_simple_move_	0x0001e7ec	1
player_sleep_	0x00047528	1
player_sqhandler_	0x0000aa34	1
player_use_skill_	0x000469ec	1
player_won_game_	0x00047a84	1
plot_pixel_	0x0005cae4	1
polycie_	0x0001bae0	1
polyflr_	0x0001ba08	1
polygon	0x0005d280	1
polygon_	0x0005cbad	1
polym	0x0006c164	1
polywal_	0x0001bbac	1
postodir_	0x0004f188	1
pots	0x00068a00	1
ppolygon	0x0007625a	1
ppterm	0x00078608	1
preload_cr_	0x00038218	1
preset_grid_	0x0001a4f4	1
pretty_panelagain_	0x00020ba4	1
prime_	0x00046af0	1
print_info_	0x0003ffec	1
print_monster_	0x0004af70	1
print_path_to_	0x0004f1a0	1
printf_	0x0005f3d8	1
prison_alarm_check_	0x00035918	1
process_area_	0x00049404	1
process_grid_	0x0001b354	1
process_objlist_	0x00015cc0	1
program_timers	0x0000ffcc	1
proportional	0x00077748	1
pterminator	0x00077cde	1
pull_chain_	0x0003ffbc	1
punt_all_digi_fx_	0x0000cda8	1
punt_fightmode_	0x00013f18	1
punt_idle_crpage_	0x00038444	1
punt_mouse_obj_	0x00047e30	1
punt_single_task_	0x00031fb8	1
punt_sound_stuff_	0x0000db38	1
punt_tasks_	0x00031fa4	1
punt_void_	0x00047e90	1
pupolygon	0x0007625e	1
push_missile_	0x00014c4c	1
putInInv_	0x0003a4d8	1
put_arc_	0x00023fc4	1
put_at_	0x0001608c	1
put_down_	0x00033004	1
put_effect_	0x000237d4	1
put_player_in_jail_	0x00036b68	1
put_ulong_	0x00023dc0	1
putch_	0x00061d1d	1
pylr_fill	0x00077d62	1
quit_do_opt_	0x0003f9c0	1
quit_group_fun_	0x0003fbb4	1
raise_up_	0x00032f00	1
rand_	0x0005f3a0	1
random_light_	0x00046870	1
range_	0x0002a6d4	1
rdisplay	0x00077d3e	1
rdisplay_data	0x000992c2	1
read_	0x0005ea8d	1
read_anmhdr_	0x000304e8	1
read_file_to_mbuf_	0x0000e290	1
read_fx_data_	0x0000ea7c	1
read_gr_far_	0x00039150	1
read_pixel_	0x0005dbab	1
read_player_data_	0x00042f94	1
read_quikpal_	0x00038654	1
read_string_	0x00021494	1
readlp_	0x00030534	1
readlpinc_	0x00030574	1
real_death_	0x00037294	1
real_start_	0x00044c20	1
realloc_	0x0005e407	1
really_slow_xfer	0x00051e74	1
recalc_vecs_	0x00018cf8	1
recharge_a_lightbulb_	0x0003573c	1
recharge_lightbulbs_	0x00035754	1
rect_class_data_	0x00045484	1
rectangle	0x0005d775	1
rectangle_	0x0005cb49	1
redeem_a_bottle_	0x000357c0	1
redeem_all_bottles_	0x000357e0	1
redraw	0x000587a4	1
rehead_	0x00019028	1
release_3d_	0x00013398	1
release_camera_	0x00044920	1
release_missile_	0x000489a8	1
release_workspace_	0x000224e4	1
reload_gr_vpic_	0x0003910c	1
reload_obj_ems_	0x00038fd8	1
rem_anim_from_list_	0x00022d4c	1
rem_anim_from_map_	0x00022d08	1
rem_timer_obj_	0x00023b6c	1
removeFromSlot_	0x0003b538	1
remove_	0x0005f395	1
remove_TK_wand_	0x0003675c	1
remove_lock_	0x00012570	1
remove_object_	0x0001260c	1
remove_opponent_	0x00033bdc	1
remove_spell_	0x000221e8	1
remove_talker_	0x00028898	1
remove_task_	0x000320a4	1
remove_whoami_	0x00033ba8	1
rename_	0x0005ea68	1
render_3d	0x00053949	1
render_FB_	0x0001a334	1
repair_item_	0x000347a0	1
replaceInInv_	0x0003a454	1
replace_string_	0x0002124c	1
report_loc_	0x00044548	1
resbuf	0x00096542	1
reset_arrow_pillars_	0x00035310	1
reset_db_	0x0001a270	1
reset_game_	0x00037170	1
reset_inf_values_eof_	0x000318cc	1
reset_scrgr_	0x0001f7a8	1
reset_times_	0x00037158	1
reset_vectors	0x0005164b	1
resetexit	0x000515a9	1
resetmouse	0x00051445	1
resetvideo	0x0005181e	1
resize_sprite_	0x0000fa38	1
resolution	0x00077d3c	1
resolution_data	0x000992c0	1
resolve_attack_	0x00010c9c	1
resptr	0x00097548	1
restoreMode	0x0005181e	1
restore_hp_	0x00048828	1
restore_mana_	0x00048764	1
restore_opt_	0x0003f9fc	1
restore_rect	0x0000fdc4	1
restore_rect_	0x0000fdc4	1
restore_sliding_panel_	0x00020cd0	1
restore_vylr	0x0005db72	1
restorekey	0x00051552	1
resume_play_opt_	0x0003f954	1
right	0x00099c38	1
right_u	0x00097b60	1
right_u_frac	0x00097b62	1
right_up	0x0009653c	1
right_v	0x00097b64	1
right_v_frac	0x00097b66	1
right_vertex	0x00097b4c	1
right_x	0x00097b5c	1
right_x_frac	0x00097b5e	1
rockbig	0x0007077c	1
rockmed	0x00070fa2	1
rocksmal	0x0007168c	1
rod_x	0x000974f8	1
rod_y	0x000974fa	1
roll_stats_	0x0002b310	1
rollem_	0x000223c4	1
rotate_bank_	0x000106a8	1
ruin_cure_potions_	0x000366d8	1
run_time_critical_things_	0x000310d4	1
run_timebased_tasks_	0x00031e78	1
s_shclip	0x0005c558	1
saveMode	0x0005181c	1
save_opt_	0x0003f9d8	1
save_player_data_	0x00042e88	1
save_rect	0x0000fd91	1
save_rect_	0x0000fd7c	1
save_vylr	0x0005db60	1
save_xv	0x00097bf2	1
sbm_critter	0x0006c066	1
sbm_inventory	0x0006c076	1
sbrk_	0x000613e5	1
scale_down	0x00051f8e	1
scale_matrix	0x000539d2	1
scale_nibble_bitmap	0x00051ca8	1
scale_up_by_2	0x00051f73	1
scrh	0x0007626c	1
scroll_clear_	0x00042b98	1
scroll_more_	0x000420d4	1
scroll_print1_	0x0002283c	1
scroll_print2_	0x000228a4	1
scroll_print3_	0x000228f8	1
scroll_print_	0x00022718	1
scroll_up_	0x0002267c	1
scroll_wait_	0x00042054	1
scroll_wrap_	0x00022aa4	1
scrw	0x00076270	1
secdoor	0x0007065a	1
select_harddrive_	0x00050b64	1
self_modify	0x0005400c	1
selopt_	0x0002b6a4	1
send_EOI	0x0000fe53	1
send_FB_	0x00020e6c	1
send_db_	0x0001a27c	1
set_PIT_divisor	0x0000ff8d	1
set_PIT_period	0x0000ffac	1
set_accept	0x0005400b	1
set_animlen_	0x0002397c	1
set_attitude_	0x000283b8	1
set_compass_	0x0001f744	1
set_creatures_from_saved_game_	0x0002f5c8	1
set_creatures_to_saved_game_	0x0002f608	1
set_critter_vars_	0x00007fb4	1
set_cur_seq_len_	0x00008128	1
set_curmagic_	0x0003f4f0	1
set_cuts_ems_	0x00030434	1
set_cyb_	0x0001a174	1
set_drugged_	0x00043154	1
set_effect_	0x0001f1fc	1
set_flask_	0x0001f67c	1
set_font_size_	0x0005cc90	1
set_graphics_level_	0x0001b2e0	1
set_gridx_and_y_based_on_tile_type_	0x0002e9cc	1
set_hitobj_	0x0001086c	1
set_htx_	0x00005f7c	1
set_inv_quality_	0x0002dea8	1
set_jmp_	0x00019f44	1
set_light_	0x00046748	1
set_loc_	0x0000554c	1
set_me_inarena_	0x00027cc8	1
set_me_loner_	0x00027cdc	1
set_mob_att_	0x0002839c	1
set_mob_seq_n_frame_	0x00028214	1
set_mouse_data_	0x0000c178	1
set_mouse_in_	0x00022514	1
set_new_music_	0x0000f2b8	1
set_next_square_on_path_	0x00005140	1
set_numbered_variable_	0x0004c6ac	1
set_osum_	0x0001de70	1
set_phys_data_	0x00017874	1
set_pix_xfer_	0x0001b2c8	1
set_pixel_	0x0000f875	1
set_player_phys_params_	0x00009f34	1
set_quest_	0x000288e0	1
set_race_attitude_	0x000283e4	1
set_random_walking_music_	0x0000f2c8	1
set_resterr_	0x000199e0	1
set_runes_	0x0002095c	1
set_screen_frame_	0x0001f9c4	1
set_sds_	0x0001ddc8	1
set_sequence_	0x00028248	1
set_skills_	0x0002b2e8	1
set_sklmnu_	0x0002b028	1
set_sound_	0x0001ee0c	1
set_targz_	0x000186b0	1
set_the_color_	0x0005dbfa	1
set_the_window	0x0005dc37	1
set_the_window_	0x0005caf7	1
set_up_target_	0x00009064	1
set_workspace_	0x000224b4	1
set_yoff_	0x0000fa5f	1
setcol_common	0x0005a176	1
setup_converse_data_	0x0002e254	1
setup_font_	0x0005cda4	1
setup_frame_buf	0x00052d0d	1
setup_icon_buttons_	0x0000b730	1
setup_to_barter_	0x00028f68	1
setup_vars_	0x0001a3e8	1
setvect24	0x00051830	1
sex_	0x00028a34	1
shadem	0x0006c15c	1
shadowed_string_to_screen	0x0005cd29	1
shadowed_string_to_screen_	0x0005cac2	1
shclip	0x0005d846	1
shelf	0x0006e54e	1
shift0	0x000026b6	1
shift1	0x000026b9	1
shift_count	0x0009752a	1
shift_factor	0x000768ec	1
shift_left_1	0x0005ce2f	1
should_i_flee_	0x000091b0	1
show	0x0005e138	1
show320_	0x0000f7cf	1
show_	0x0005cbe5	1
show_a_part_	0x00025ae0	1
show_anm_	0x00031b2c	1
show_atts_	0x0002b0e4	1
show_credits_	0x0003ec84	1
show_cutscene_	0x00031d40	1
show_gem_parts_	0x00025b1c	1
show_inst_buttons_	0x00050a44	1
show_kmode_	0x0004231c	1
show_skills_	0x0002b230	1
show_version_	0x000445b8	1
shrine	0x0006cc18	1
simple_fizix_	0x000098bc	1
sincos	0x000587b0	1
sink_sink_sink_	0x0003f428	1
skill_check_	0x00020e84	1
skup_ductosnore_	0x00034eac	1
smooth_closure	0x00054b24	1
smooth_over	0x00055469	1
smooth_span_same	0x00052e6a	1
solid_h	0x00077d61	1
solid_l	0x00077d60	1
solid_pixel	0x0005db7e	1
solid_uvline	0x0005dbe8	1
solid_ylr	0x0005db54	1
solve_compass_	0x0004f024	1
sopen_	0x0005eb9d	1
sort_obj_	0x0001db50	1
sort_setup_	0x0001da68	1
sound_move_	0x0000d610	1
sound_opt_	0x0003fa94	1
source_seg	0x00097b40	1
sp_att_	0x0004b938	1
sp_bleed_	0x00049024	1
sp_charm_	0x00048d64	1
sp_chg_end	0x000794aa	1
sp_chg_tab	0x000793aa	1
sp_confusion_	0x00048e2c	1
sp_enchant_	0x0004a658	1
sp_enchant_destroy_	0x0004a5f8	1
sp_enchant_faildestroymess_	0x0004a41c	1
sp_fear_	0x000491c8	1
sp_frost_	0x0004910c	1
sp_hdr_	0x0004b880	1
sp_hold_	0x0004937c	1
sp_hp_	0x0004b998	1
sp_inf_end	0x000793aa	1
sp_inf_tab	0x00078faa	1
sp_map_end	0x000795aa	1
sp_map_tab	0x000794aa	1
sp_meteor_	0x00048ad0	1
sp_mp_	0x0004ba08	1
sp_poison_	0x00048c70	1
sp_repel_undead_	0x00049210	1
sp_sheet_light_	0x00048a58	1
sp_shockwave_	0x00048fa0	1
sp_skill_	0x0004bac4	1
sp_smite_	0x0004909c	1
sp_study_monster_	0x0004a100	1
sp_true_sight_	0x0004aa50	1
sp_ward_undead_	0x00048bd8	1
sp_xp_	0x0004ba78	1
space_to_motion_	0x000189c8	1
space_to_pos_	0x00018608	1
spec_class_data_	0x00048470	1
special_spells_	0x00049cb8	1
speech_available_	0x0000f7a8	1
speech_over_	0x000303b4	1
spell_fire_	0x000142f8	1
spend_mana_	0x0004847c	1
sphere_check	0x0005be04	1
sphere_x	0x0007627e	1
sphere_y	0x00076280	1
spolygon	0x0005c857	1
sprintf_	0x0005f351	1
srand_	0x0005f3c8	1
stackavail_	0x000612a2	1
standing_wave_	0x0003503c	1
start_codes	0x00076450	1
start_draw	0x000587a4	1
start_gameinp_	0x0004026c	1
start_wmapbm	0x0005554c	1
stat_	0x0005e80e	1
static_to_mob_	0x00017ca8	1
stick	0x000689d0	1
stop_and_talk_	0x00034454	1
stop_digi_file_	0x0000da44	1
stop_me_	0x00018d40	1
stop_music_	0x0000e3d4	1
store_path_	0x00005038	1
store_targ_	0x00002c84	1
str_search_	0x00050318	1
strcat_	0x0005f30c	1
strchr_	0x0005f2f6	1
strcmp_	0x0005f0a0	1
strcpy_	0x0005f2c9	1
string_to_screen	0x0005ccc7	1
string_to_screen_	0x0005cab0	1
string_to_screen_dx	0x0005ccc0	1
string_width	0x0005cf16	1
string_width_	0x0005cad4	1
strlen_	0x0005f2b0	1
strncpy_	0x0005f28a	1
strnicmp_	0x00061d95	1
strpbrk_	0x000605fb	1
strrchr_	0x0005f271	1
strstr_	0x0005f1ac	1
strt_chargen_	0x0002c4a8	1
strt_converse_	0x0002ca00	1
strt_demscr_	0x0003708c	1
strt_txtscr_	0x0004c3c4	1
strupr_	0x0005f18d	1
study_monster_spells_	0x00049f80	1
stuff_class_data_	0x0004bdb0	1
subprocess_	0x0001b784	1
supolygon	0x0005c869	1
supolygon_1	0x0005c86e	1
sutpolygon	0x0005c874	1
swap_tmap_	0x00043150	1
switch_flip_hack_	0x00035658	1
switch_pic_	0x0002dedc	1
t_random	0x000517ec	1
table	0x0006e6ca	1
tag_check_	0x000260b8	1
takeFromSlot_	0x0003b550	1
take_from_npc_inv_	0x000287fc	1
talk_to_disembodied_	0x00033934	1
target_found_	0x00007968	1
target_spells_	0x00049820	1
task_palfade_	0x00032044	1
tdisplay	0x00077d42	1
tdisplay_data	0x000992c6	1
teleport_critter_	0x0002f3c0	1
teleport_player_	0x000282ac	1
teleport_talker_	0x000282e8	1
tell_	0x0005e7cc	1
temp2_ylr	0x00099780	1
temp_ylr	0x000992d0	1
term_icon_buttons_	0x0000b784	1
thump_your_magic_twanger_froggie_	0x0004b6e0	1
time	0x000689b4	1
time_	0x0005f15d	1
timetodo_	0x00009628	1
titlescr_	0x00036f08	1
tmap_pcnt	0x00082134	1
tmap_pnt0	0x000979e6	1
tmcolor	0x0006c16a	1
tmp1	0x00097532	1
tmp1b	0x00076454	1
tmpx	0x00096524	1
tmpy	0x00096526	1
tmpz	0x00096528	1
toast_animobj_	0x00022dc4	1
toggle_fightmode_	0x00013f6c	1
toggle_force_field_	0x00035804	1
toggle_object_height_	0x00033aa0	1
toggle_pillars_hack_	0x000349ec	1
tolower_	0x0005f14f	1
top	0x00099c34	1
top_up	0x0009653e	1
top_vertex	0x00097b44	1
toupper_	0x0005f141	1
trans_span_same	0x00052e8a	1
transform_creature_	0x00035bd8	1
transform_talker_	0x00028858	1
transparent_pixel_xfer	0x00051ea1	1
trap_class_data_	0x0004c3f4	1
trap_fire_	0x00014810	1
trap_init_	0x0004c3d4	1
trap_obj_del_	0x0004e754	1
trap_save_	0x0004bdb4	1
tremor_area_	0x0004b1f4	1
trigger_obj_del_	0x0004e6b8	1
true_gem_region_	0x00025230	1
try_cast_	0x0003ab54	1
try_clear_	0x0003aa80	1
try_remove_	0x000125ec	1
try_to_open_door_	0x00005df8	1
turn_fx_	0x0000e3b4	1
turn_music_	0x0000e318	1
turn_real_fine_	0x00007dc8	1
two_colors	0x00077d60	1
txtflr_	0x0001bc7c	1
txtwal_	0x0001bda8	1
tzset_	0x00061528	1
u_sub_x	0x00097570	1
ubox	0x0005d69d	1
ubox_	0x0005cb8d	1
ubox_si	0x0005d707	1
uconcave	0x0005dc69	1
uhline	0x0005d824	1
uhline_	0x0005cb27	1
uline	0x0005d298	1
uline_	0x0005cbd5	1
ultoa_	0x0005f460	1
uncmp_tab	0x00051898	1
undefineMouseRegion_	0x0000c01c	1
unforce_mouse_cursor_	0x0000c0d0	1
unhook_timer_process	0x0000ff7e	1
unlink_	0x0005e7af	1
unload_cpg	0x00051a38	1
unsolve_compass_	0x0004f24c	1
up_crit_	0x0002ea14	1
up_mob_	0x0002ecc0	1
update_all_critters_whilst_player_snoozes_	0x0002edfc	1
update_animobj_	0x00023374	1
update_big_speech_	0x00030224	1
update_cache	0x00051a1c	1
update_converse_data_	0x0002e724	1
update_digi_playback_	0x0000d79c	1
update_hack_vecs_	0x0001818c	1
update_map_scraps_	0x00025e0c	1
update_pplate_	0x0004ec14	1
update_screen_	0x0001fb2c	1
update_sprites_	0x0000fbcb	1
upixel	0x0005d5fa	1
upolygon	0x0005cf48	1
upolygon_	0x0005cbc1	1
uread_pixel_	0x0005dbcb	1
urectangle	0x0005d78c	1
urectangle_	0x0005cb59	1
useNSpellCharges_	0x0002221c	1
use_skill_	0x0004699c	1
ushadowed_string_to_screen	0x0005cd7a	1
using_punt_	0x0002192c	1
usolid_pixel	0x0005db9e	1
ustring_to_screen	0x0005cd18	1
utoa_	0x0005f4f6	1
uvline	0x0005d63f	1
uvline_	0x0005cb39	1
v4copy_ylrpp	0x0005caa3	1
v4copy_ylrpp_r	0x0005caa9	1
v_bitmap_pixel_size	0x00076474	1
v_bitmap_width_minus_1	0x00076470	1
v_log_bitmap_width	0x00076478	1
valloc_	0x0004f774	1
vbuf	0x0008917a	1
vbuf2	0x00089ada	1
vcopy	0x0005e26b	1
vcopy_	0x0005cc4a	1
vcopyfb	0x0005e250	1
vcopyfb_	0x0005cc33	1
vcount	0x00097b6a	1
vector_table	0x0007628c	1
vend_check_gold_	0x00036a60	1
vert_ptr	0x00097b6e	1
vertex	0x00099c44	1
vertex2	0x00099dd4	1
vertex_intensity	0x00097c12	1
vfree_	0x0004f780	1
vga	0x00077d36	1
vga_bitmap_to_screen	0x0005ce06	1
vga_config	0x0005db4a	1
vga_focus	0x0005db51	1
vga_smooth_ylrii	0x00052e9f	1
viewer_bank	0x000974f2	1
viewer_pitch	0x000974f0	1
viewer_x	0x000974e4	1
viewer_y	0x000974e8	1
viewer_z	0x000974ec	1
virtual_screen_	0x0002fef0	1
vline	0x0005d63a	1
vscreen_focus_	0x0002ffac	1
vsprintf_	0x0005f380	1
vsy_cont	0x00052f11	1
vsy_ylr_lp	0x00052e9f	1
wander_that_monster_	0x0002efa8	1
wandering_monster_check_	0x0002f598	1
warpMouse_	0x0000c870	1
water_set_	0x0000973c	1
wbot	0x00077d5a	1
wbot_data	0x000992bc	1
wd_bool_	0x00042254	1
wd_replace_	0x000421d0	1
wdialog_	0x00042368	1
whack_thing_	0x00033720	1
where_shall_we_hang_out_	0x0002fc3c	1
whiten_xfer	0x0006ba74	1
wleft	0x00077d4e	1
wleft_data	0x000992b0	1
wmap_bitmap	0x000556fd	1
wmap_bitmap_offset	0x0006c00c	1
wound_foe_	0x00048ed4	1
wright	0x00077d56	1
wright_data	0x000992b8	1
write_	0x0005e5c5	1
write_color	0x00076460	1
wtop	0x00077d52	1
wtop_data	0x000992b4	1
wyorn_	0x00042aa4	1
x_clock_	0x000289bc	1
x_exp_	0x0002828c	1
x_low	0x00097524	1
x_obj_pos_	0x00028db8	1
x_obj_stuff_	0x00028b30	1
x_protection_	0x0002e06c	1
x_skills_	0x00028560	1
x_traps_	0x000285e0	1
xoff	0x00077e1a	1
xor_xor_table_	0x0004f568	1
xorread_	0x0004f5b8	1
xorwrite_	0x0004f638	1
xt_spells_	0x0004b334	1
xv	0x000768f2	1
xv32	0x00097c02	1
y_coord	0x00097b68	1
y_low	0x00097526	1
yearly_checkup_	0x0002e950	1
ylrii_dither_fill	0x0006bff1	1
ylrii_span_gen	0x0006bfed	1
yoff	0x00077e1e	1
yv	0x000768f4	1
z_low	0x00097528	1
z_part_	0x0001dca4	1
zoom	0x0007627c	1
zv	0x000768f6	1
